{
"type": "FeatureCollection",
"name": "voyage_1",
"crs": { "type": "name", "properties": { "name": "urn:ogc:def:crs:OGC:1.3:CRS84" } },
"features": [
{ "type": "Feature", "properties": { "OBJECTID": 1, "Type": "Major", "voyage_id": 1, "length_degrees": 1429.5842116366916, "length_km": 158683.84749167276 }, "geometry": { "type": "MultiLineString", "coordinates": [ [ [ -34.857596796999928, -8.13737959499997 ], [ -34.674369623999951, -8.070254808999948 ], [ -34.674368303999984, -8.070249185999955 ], [ -25.630149081999946, 16.957174956000074 ], [ -25.483361960999957, 17.286788839000053 ], [ -25.337770409999962, 17.616515286000038 ], [ -25.190650972999947, 17.946354715000041 ], [ -24.99966827399993, 18.377015454000059 ], [ -24.806104355999935, 18.807669188000034 ], [ -24.411254697999937, 19.668971265000039 ], [ -24.211280570999975, 20.099627421000037 ], [ -24.013673022999967, 20.530292196000062 ], [ -23.814493525999978, 20.960969498000054 ], [ -23.714317912999945, 21.176314066000032 ], [ -23.613753638999981, 21.391663232000042 ], [ -23.512802129999955, 21.607017481000071 ], [ -23.41146480499998, 21.822377304000042 ], [ -23.309743075999961, 22.037743189000025 ], [ -23.207638347999932, 22.253115622000053 ], [ -23.105152014999931, 22.468495094000048 ], [ -23.002285469999947, 22.683882092000033 ], [ -22.89904009299994, 22.899277104000078 ], [ -22.795417260999955, 23.114680619000069 ], [ -22.691418336999959, 23.330093126000065 ], [ -22.587044684999967, 23.545515112000032 ], [ -22.482297655999957, 23.760947065000039 ], [ -22.377178595999965, 23.97638947400003 ], [ -22.271688839999968, 24.191842828000063 ], [ -22.165829720999966, 24.407307615000036 ], [ -22.059602561999952, 24.62278432100004 ], [ -21.953008676999957, 24.838273438000044 ], [ -21.79133603799994, 25.164524149000044 ], [ -21.627717372999939, 25.490788158000043 ], [ -21.521665320999944, 25.702258882000024 ], [ -21.415052825999965, 25.91379898100007 ], [ -21.307886192999945, 26.125408640000046 ], [ -21.20017170999995, 26.337088043000051 ], [ -21.09191564799994, 26.548837373000026 ], [ -20.983124261999933, 26.76065681700004 ], [ -20.873803788999965, 26.972546558000033 ], [ -20.763960450999946, 27.184506781000039 ], [ -20.653600452999967, 27.396537671000033 ], [ -20.542729986999973, 27.608639412000059 ], [ -20.431355225999937, 27.820812189000037 ], [ -20.31948233199995, 28.033056187000057 ], [ -20.207117450999931, 28.245371590000047 ], [ -20.094266716999982, 28.457758582000054 ], [ -19.980936245999942, 28.67021734900004 ], [ -19.867132143999982, 28.882748075000052 ], [ -19.752860505999934, 29.095350944000074 ], [ -19.638127407999946, 29.308026141000028 ], [ -19.522938919999945, 29.520773850000069 ], [ -19.407301096999959, 29.73359425700005 ], [ -19.291219981999973, 29.946487546000071 ], [ -19.17357990499994, 30.159453901000063 ], [ -19.055019129999948, 30.372493507000058 ], [ -18.935903224999947, 30.585606548000044 ], [ -18.816237394999973, 30.798793211000032 ], [ -18.696026823999944, 31.01205367700004 ], [ -18.575276674999941, 31.225388133000024 ], [ -18.453992086999961, 31.438796763000028 ], [ -18.33217818199995, 31.652279752000027 ], [ -18.209840059999976, 31.865837283000076 ], [ -18.086982800999976, 32.079469542000027 ], [ -17.96361146299995, 32.293176714000026 ], [ -17.775313672999971, 32.614450601000044 ], [ -17.587028615999941, 32.93537101700008 ], [ -17.395991034999952, 33.255952498000056 ], [ -17.204891651999958, 33.576307608000036 ], [ -17.080571546999977, 33.783254930000055 ], [ -16.955324244999929, 33.990211416000079 ], [ -16.829143814999952, 34.197177431000057 ], [ -16.702024254999969, 34.404153331000032 ], [ -16.573959487999957, 34.611139475000073 ], [ -16.444943365999961, 34.818136225000046 ], [ -16.315126608999947, 35.025184764000073 ], [ -16.185541875999945, 35.232555513000079 ], [ -16.077770907999934, 35.404042762000074 ], [ -16.055095367999968, 35.439965764000078 ], [ -15.923780922999981, 35.647415892000026 ], [ -15.791592309999942, 35.854906275000076 ], [ -15.658523226999932, 36.062437289000059 ], [ -15.524567304999948, 36.270009310000034 ], [ -15.389718100999971, 36.477622716000042 ], [ -15.253969103999964, 36.685277883000026 ], [ -15.117313726999953, 36.892975191000062 ], [ -14.979745310999931, 37.10071501300007 ], [ -14.841257123999981, 37.308497732000035 ], [ -14.70184235499994, 37.516323722000038 ], [ -14.561494120999953, 37.724193362000051 ], [ -14.420205456999952, 37.932107033000079 ], [ -14.277969325999948, 38.14006511000008 ], [ -14.134778604999951, 38.34806797300007 ], [ -13.990626095999971, 38.556116002000067 ], [ -13.871903832999976, 38.72648803800007 ], [ -13.845504515999949, 38.764209575000052 ], [ -13.699406503999967, 38.972349073000032 ], [ -13.55232461099996, 39.180534874000045 ], [ -13.404251306999981, 39.388767358000052 ], [ -13.255178974999978, 39.597046907000049 ], [ -13.105099910999968, 39.805373899000074 ], [ -12.953880564999963, 40.013782314000025 ], [ -12.799765897999976, 40.222737441000049 ], [ -12.570053500999961, 40.534783951000065 ], [ -12.337440575999949, 40.846390577000079 ], [ -12.179372369999953, 41.055215860000033 ], [ -12.020434226999953, 41.264036171000043 ], [ -11.860559194999951, 41.472856321000052 ], [ -11.699679853999953, 41.681681125000068 ], [ -11.537728300999959, 41.890515407000066 ], [ -11.374636149999958, 42.099363997000069 ], [ -11.210334510999928, 42.308231731000035 ], [ -11.044753991999926, 42.517123452000078 ], [ -10.877824678999957, 42.726044010000066 ], [ -10.709476132999953, 42.934998260000043 ], [ -10.539637372999948, 43.143991066000069 ], [ -10.368236871999954, 43.35302729700004 ], [ -10.195202543999926, 43.56211182800007 ], [ -10.02046172799993, 43.771249545000046 ], [ -9.843941183999959, 43.98044533400008 ], [ -9.665567075999945, 44.189704092000056 ], [ -9.485264966999978, 44.399030723000067 ], [ -9.302959795999925, 44.608430136000038 ], [ -9.118575876999955, 44.817907247000051 ], [ -8.932588045999978, 45.027535009000076 ], [ -8.748232560999952, 45.23772636800004 ], [ -8.561940366999977, 45.448054438000042 ], [ -8.373636320999935, 45.658524311000065 ], [ -8.183244698999943, 45.86914108700006 ], [ -7.990689174999943, 46.079909881000049 ], [ -7.79589281799997, 46.290835817000072 ], [ -7.598778079999931, 46.501924030000055 ], [ -7.399266775999934, 46.713179670000045 ], [ -7.197280083999942, 46.924607898000033 ], [ -6.992738525999926, 47.13621388200005 ], [ -6.78556195699997, 47.348002808000047 ], [ -6.57566955599998, 47.559979869000074 ], [ -6.280572369999959, 47.857614001000059 ], [ -5.981912536999971, 48.154410214000052 ], [ -5.675363672999936, 48.45500940200003 ], [ 0.851181559000054, 50.74869852300003 ], [ 4.677502222000044, 53.70774545200004 ], [ 7.174522994000029, 57.04005339400004 ], [ 10.575215239000045, 58.276790324000046 ], [ 11.449264265000068, 56.381824896000069 ], [ 12.53692574300004, 54.986771566000073 ], [ 15.651368257000058, 55.376891789000069 ], [ 18.795597967000049, 56.75540469200007 ], [ 21.55857336400004, 59.101526407000051 ], [ 22.729170431000057, 59.594176221000055 ], [ 27.455734990000053, 60.002463404000082 ] ], [ [ -165.500852629999969, 53.937274243000047 ], [ -165.062689234999965, 53.956673479000074 ], [ -164.900094638999974, 53.963567332000082 ], [ -164.737460585999969, 53.970235519000028 ], [ -164.57478827099996, 53.976678086000049 ], [ -164.412078888999986, 53.982895081000038 ], [ -164.24933363599996, 53.988886551000064 ], [ -164.086553713999962, 53.994652545000065 ], [ -163.923740320999968, 54.00019311300008 ], [ -163.760894658999973, 54.005508302000067 ], [ -163.598017933999984, 54.010598166000079 ], [ -163.435111347999964, 54.015462754000055 ], [ -163.272176107999968, 54.020102117000079 ], [ -163.109213420999964, 54.024516309000035 ], [ -162.94622449299996, 54.028705382000055 ], [ -162.783210536999974, 54.032669389000034 ], [ -162.620172758999985, 54.036408385000072 ], [ -162.457112373999962, 54.039922424000054 ], [ -162.294030591999984, 54.043211562000067 ], [ -162.130928627999964, 54.046275854000044 ], [ -161.967807693999958, 54.049115358000051 ], [ -161.804669006999973, 54.051730131000056 ], [ -161.641513779999968, 54.05412023000008 ], [ -161.478343229999979, 54.056285715000058 ], [ -161.315158571999973, 54.058226643000069 ], [ -161.151961025999981, 54.059943075000035 ], [ -160.988751809999968, 54.061435070000073 ], [ -160.825532139999979, 54.062702691000027 ], [ -160.662303233999978, 54.063745998000059 ], [ -160.499066314999965, 54.06456505400007 ], [ -160.335822597999965, 54.065159921000031 ], [ -160.172573303999968, 54.06553066400005 ], [ -160.009319652999977, 54.06567734500004 ], [ -159.846062864999965, 54.065600031000031 ], [ -159.682804158999971, 54.065298784000049 ], [ -159.51954475399998, 54.064773672000058 ], [ -159.356285871999972, 54.064024761000042 ], [ -159.193028732999977, 54.063052119000076 ], [ -159.029774552999982, 54.061855812000033 ], [ -158.866524553999966, 54.060435910000081 ], [ -158.70327995599996, 54.058792480000079 ], [ -158.54004197499998, 54.056925594000063 ], [ -158.376811831999959, 54.054835319000063 ], [ -158.213590744999976, 54.052521729000034 ], [ -158.050379929999963, 54.049984893000044 ], [ -157.88718060399998, 54.047224884000059 ], [ -157.723993985999982, 54.044241774000056 ], [ -157.560821289999978, 54.04103563700005 ], [ -157.397663731999984, 54.037606546000063 ], [ -157.23452252499996, 54.033954576000042 ], [ -157.071398884999979, 54.030079801000056 ], [ -156.908294021999978, 54.025982298000031 ], [ -156.745209150999983, 54.021662141000036 ], [ -156.582145481999959, 54.017119409000031 ], [ -156.419104224999984, 54.012354178000066 ], [ -156.25608658799996, 54.007366526000055 ], [ -156.093093781999983, 54.002156533000061 ], [ -155.930127010999968, 53.996724276000066 ], [ -155.767187480999979, 53.991069837000055 ], [ -155.604276396999978, 53.985193295000045 ], [ -155.441394962999965, 53.979094731000032 ], [ -155.278544379999971, 53.972774227000059 ], [ -155.115725845999975, 53.966231865000054 ], [ -154.95294056399996, 53.95946772700006 ], [ -154.790189727999973, 53.952481897000041 ], [ -154.627474535999966, 53.945274460000064 ], [ -154.464796182999976, 53.937845498000058 ], [ -154.302155858999981, 53.93019509800007 ], [ -154.139554754999978, 53.922323346000042 ], [ -153.976994062999978, 53.914230326000052 ], [ -153.814474966999967, 53.905916127000069 ], [ -153.651998655999961, 53.897380836000082 ], [ -153.489566310999976, 53.88862454000008 ], [ -153.327179112999971, 53.879647329000079 ], [ -153.16483824499997, 53.870449291000057 ], [ -153.002544880999977, 53.861030517000074 ], [ -152.840300197999966, 53.851391096000043 ], [ -152.678105369999969, 53.84153112100006 ], [ -152.515961568999984, 53.831450681000035 ], [ -152.353869960999958, 53.821149869000067 ], [ -152.191831715999967, 53.81062877800008 ], [ -152.029847995999972, 53.799887502000047 ], [ -151.867919962999963, 53.788926133000075 ], [ -151.706048777999968, 53.777744768000048 ], [ -151.544235595999965, 53.766343499000072 ], [ -151.382481573999968, 53.754722423000032 ], [ -151.22078786199998, 53.742881637000039 ], [ -151.059155609999976, 53.730821235000064 ], [ -150.89758596599998, 53.718541317000074 ], [ -150.736080071999965, 53.706041980000066 ], [ -150.574639068999971, 53.693323322000026 ], [ -150.413264097999956, 53.680385443000034 ], [ -150.251956290999971, 53.667228441000077 ], [ -150.090716784999984, 53.653852416000063 ], [ -149.929546705999968, 53.640257470000051 ], [ -149.768447182999978, 53.626443705000042 ], [ -149.607419338999961, 53.61241122000007 ], [ -149.44646429499997, 53.598160119000056 ], [ -149.285583168999977, 53.58369050500005 ], [ -149.124777073999979, 53.569002481000041 ], [ -148.964047123999961, 53.554096151000067 ], [ -148.803394423999976, 53.538971620000041 ], [ -148.642820081999957, 53.523628992000056 ], [ -148.482325195999977, 53.50806837500005 ], [ -148.321910865999968, 53.492289873000061 ], [ -148.161578187999964, 53.476293593000037 ], [ -148.001328250999961, 53.460079644000075 ], [ -147.84116214499997, 53.443648132000078 ], [ -147.681080951999974, 53.426999167000076 ], [ -147.521085752999966, 53.410132856000075 ], [ -147.361177627999979, 53.393049310000038 ], [ -147.20135764799997, 53.375748639000051 ], [ -147.041626882999964, 53.358230954000078 ], [ -146.88198639899997, 53.340496365000035 ], [ -146.722437259999964, 53.322544984000046 ], [ -146.562980522999965, 53.304376925000042 ], [ -146.403617243999975, 53.285992298000053 ], [ -146.244348471999956, 53.267391218000057 ], [ -146.085175255999957, 53.248573798000052 ], [ -145.926098636999967, 53.229540153000073 ], [ -145.767119656999967, 53.210290397000051 ], [ -145.608239346999966, 53.190824647000056 ], [ -145.449458741999962, 53.171143018000066 ], [ -145.290778864999965, 53.151245627000037 ], [ -145.132200741999981, 53.13113259000005 ], [ -144.973725390999959, 53.110804026000039 ], [ -144.815353825999978, 53.090260052000076 ], [ -144.657087055999966, 53.069500788000028 ], [ -144.49892608899998, 53.048526351000078 ], [ -144.340871925999977, 53.027336862000027 ], [ -144.182925563999959, 53.005932442000073 ], [ -144.025087995999968, 52.984313209000049 ], [ -143.867360209999958, 52.962479288000054 ], [ -143.709743191999962, 52.940430797000033 ], [ -143.552237919, 52.918167862000075 ], [ -143.394845367999949, 52.895690602000059 ], [ -143.237566510999955, 52.872999143000072 ], [ -143.080402310999943, 52.850093608000066 ], [ -142.923353730999963, 52.826974121000035 ], [ -142.766421728999944, 52.803640807000079 ], [ -142.609607255999947, 52.78009379100007 ], [ -142.452911261, 52.756333200000029 ], [ -142.296334683999987, 52.732359160000044 ], [ -142.13987846699996, 52.708171796000045 ], [ -141.98354354099996, 52.683771238000077 ], [ -141.827330834999941, 52.659157612000058 ], [ -141.671241273999954, 52.634331047000046 ], [ -141.515275775999953, 52.60929167300003 ], [ -141.359435255999983, 52.58403961700003 ], [ -141.203720622, 52.558575012000063 ], [ -141.048132778999957, 52.532897985000034 ], [ -140.892672625999978, 52.507008668000026 ], [ -140.737341058999959, 52.480907193000064 ], [ -140.582138965999945, 52.454593693000049 ], [ -140.427067230999967, 52.428068297000038 ], [ -140.272126735999962, 52.401331141000071 ], [ -140.117318352999973, 52.374382356000069 ], [ -139.962642950999964, 52.347222077000026 ], [ -139.808101395999984, 52.31985043800006 ], [ -139.653694543999961, 52.29226757400005 ], [ -139.499423252999975, 52.264473620000047 ], [ -139.345288367999956, 52.236468712000033 ], [ -139.191290733999949, 52.208252985000058 ], [ -139.03743118899996, 52.179826577000028 ], [ -138.883710566, 52.151189625000029 ], [ -138.73012969399997, 52.122342266000032 ], [ -138.576689392, 52.093284639000046 ], [ -138.423390479999966, 52.064016881000043 ], [ -138.270233767999969, 52.034539132000077 ], [ -138.11722006499997, 52.004851533000078 ], [ -137.964350168999943, 51.974954220000029 ], [ -137.811624877999975, 51.944847338000045 ], [ -137.659044980999965, 51.914531025000031 ], [ -137.506611262999968, 51.884005424000065 ], [ -137.354324503999976, 51.853270675000033 ], [ -137.202185478, 51.822326921000069 ], [ -137.05019495099998, 51.791174306000073 ], [ -136.898353689999965, 51.759812972000077 ], [ -136.746662450999963, 51.728243062000047 ], [ -136.595121983999945, 51.696464721000041 ], [ -136.443733037999948, 51.66447809500005 ], [ -136.292496353, 51.632283326000049 ], [ -136.141412662999983, 51.599880561000077 ], [ -135.990482698999983, 51.567269946000067 ], [ -135.839707186999988, 51.534451628000056 ], [ -135.689086842999984, 51.501425752000046 ], [ -135.53862238, 51.468192466000062 ], [ -135.388314505999972, 51.434751919000064 ], [ -135.238163922999945, 51.401104256000053 ], [ -135.088171325999951, 51.367249629000071 ], [ -134.93833740499997, 51.333188186000029 ], [ -134.788662846999955, 51.298920075000069 ], [ -134.639148329999955, 51.26444544800006 ], [ -134.489794525999969, 51.22976445300003 ], [ -134.34060210399997, 51.194877242000075 ], [ -134.19157172499996, 51.159783966000077 ], [ -134.042704045, 51.124484777000077 ], [ -133.89399971499995, 51.08897982600007 ], [ -133.745459378999954, 51.053269267000076 ], [ -133.597083675999954, 51.017353251000031 ], [ -133.448873239999955, 50.981231933000061 ], [ -133.300828696999986, 50.944905465000033 ], [ -133.15295067, 50.908374002000073 ], [ -133.005239771999982, 50.871637698000029 ], [ -132.857696616999988, 50.83469670900007 ], [ -132.710321805999968, 50.797551190000036 ], [ -132.563115938999943, 50.760201296000048 ], [ -132.416079606999972, 50.722647184000039 ], [ -132.269213397999977, 50.684889010000063 ], [ -132.122517892999952, 50.646926931000053 ], [ -131.975993665999965, 50.608761106000031 ], [ -131.829641287999948, 50.570391691000054 ], [ -131.683461320999982, 50.531818844000043 ], [ -131.537454320999984, 50.493042725000066 ], [ -131.391620843999988, 50.454063492000046 ], [ -131.245961431999945, 50.414881305000051 ], [ -131.100476626999978, 50.37549632300005 ], [ -130.955166961999964, 50.335908707000044 ], [ -130.810032966, 50.296118617000047 ], [ -130.665075162, 50.256126215000052 ], [ -130.520294065999963, 50.21593166100007 ], [ -130.375690187999965, 50.175535118000028 ], [ -130.231264034999981, 50.13493674700004 ], [ -130.087016102999939, 50.094136711000033 ], [ -129.942946886999948, 50.053135173000044 ], [ -129.799056874999962, 50.011932297000044 ], [ -129.655216229999951, 49.970625735000056 ], [ -129.51150264599994, 49.929156305000049 ], [ -129.367969537999954, 49.887484332000042 ], [ -129.224617465, 49.84560994800006 ], [ -129.081446987999982, 49.803533285000071 ], [ -128.938458659999981, 49.761254474000054 ], [ -128.795653031999962, 49.718773646000045 ], [ -128.65303064699998, 49.676090934000058 ], [ -128.510592042999974, 49.633206471000051 ], [ -128.368337758999985, 49.590120389000049 ], [ -128.226268321999953, 49.546832822000056 ], [ -128.084384259999979, 49.50334390200004 ], [ -127.942686092999963, 49.459653763000063 ], [ -127.801174338999942, 49.415762538000081 ], [ -127.659849507999979, 49.371670362000032 ], [ -127.518712106999942, 49.327377369000033 ], [ -127.377762639999958, 49.282883695000066 ], [ -127.237001603999943, 49.238189472000045 ], [ -127.09642949199997, 49.193294837000053 ], [ -126.956046792, 49.148199925000029 ], [ -126.815853987999958, 49.102904870000032 ], [ -126.675851559999955, 49.057409810000081 ], [ -126.536039980999988, 49.011714880000056 ], [ -126.396419721999962, 48.965820217000044 ], [ -126.256991246999974, 48.919725957000026 ], [ -126.117755016999979, 48.873432236000042 ], [ -125.978711486999941, 48.826939194000033 ], [ -125.839861109999958, 48.78024696500006 ], [ -125.701204329999939, 48.733355688000074 ], [ -125.562741590999963, 48.686265501000037 ], [ -125.424473328999966, 48.63897654200008 ], [ -125.286399975999984, 48.591488949000052 ], [ -124.940247517999978, 48.471468196000046 ] ], [ [ -166.549623907999973, 54.003807401000074 ], [ -166.743456888999958, 54.002309593000064 ], [ -166.796286564999974, 54.00180853300003 ], [ -166.849111963999974, 54.001284240000075 ], [ -166.901933044999964, 54.000736717000052 ], [ -166.954749762999967, 54.000165972000048 ], [ -167.007562074999981, 53.999572009000076 ], [ -167.060369938999969, 53.998954835000063 ], [ -167.113173309999979, 53.99831445500007 ], [ -167.165972146999962, 53.997650875000033 ], [ -167.218766405999986, 53.996964100000071 ], [ -167.271556044999983, 53.996254137000051 ], [ -167.324341019999963, 53.995520991000035 ], [ -167.377121287999984, 53.994764667000027 ], [ -167.42989680499997, 53.993985173000056 ], [ -167.482667530999976, 53.993182512000033 ], [ -167.535433419999976, 53.992356692000044 ], [ -167.588194431999966, 53.991507717000047 ], [ -167.640950522999958, 53.990635593000036 ], [ -167.693701648999962, 53.98974032700005 ], [ -167.746447767999967, 53.988821924000035 ], [ -167.799188836999974, 53.987880390000043 ], [ -167.851924814999961, 53.986915730000078 ], [ -167.904655656999978, 53.985927951000065 ], [ -167.957381321999975, 53.984917058000065 ], [ -168.010101765999963, 53.983883056000082 ], [ -168.062816947999977, 53.982825954000077 ], [ -168.115526823999971, 53.981745754000031 ], [ -168.168231351999964, 53.980642464000027 ], [ -168.220930487999965, 53.979516089000072 ], [ -168.273624192999961, 53.978366635000043 ], [ -168.326312420999983, 53.977194109000038 ], [ -168.378995130999982, 53.975998515000072 ], [ -168.431672281999965, 53.974779860000069 ], [ -168.484343828999982, 53.973538150000081 ], [ -168.537009730999984, 53.972273389000065 ], [ -168.589669944999969, 53.970985585000051 ], [ -168.642324428999984, 53.969674743000041 ], [ -168.694973140999963, 53.968340870000077 ], [ -168.747616039999969, 53.966983970000058 ], [ -168.800253080999966, 53.965604051000071 ], [ -168.852884223999979, 53.964201118000062 ], [ -168.905509425999981, 53.962775175000047 ], [ -168.95812864399997, 53.961326231000044 ], [ -169.010741836999983, 53.959854290000067 ], [ -169.063348963999971, 53.958359358000052 ], [ -169.115949981999961, 53.956841442000041 ], [ -169.168544845999975, 53.955300547000036 ], [ -169.221133519999967, 53.953736680000077 ], [ -169.273715957999968, 53.952149846000054 ], [ -169.326292117999969, 53.950540051000075 ], [ -169.378861959999966, 53.948907302000066 ], [ -169.431425440999959, 53.94725160400003 ], [ -169.483982519999984, 53.945572963000075 ], [ -169.536533153999983, 53.943871384000033 ], [ -169.589077302999982, 53.942146876000038 ], [ -169.641614923999981, 53.940399442000057 ], [ -169.69414597399998, 53.938629090000063 ], [ -169.746670413999965, 53.93683582500006 ], [ -169.799188201999982, 53.93501965300004 ], [ -169.851699294999975, 53.933180581000045 ], [ -169.904203651999978, 53.93131861300003 ], [ -169.956701231999972, 53.929433758000073 ], [ -170.009191994999981, 53.927526019000027 ], [ -170.061675894999979, 53.925595404000035 ], [ -170.114152894999961, 53.923641919000033 ], [ -170.166622951999983, 53.921665568000037 ], [ -170.219086023999978, 53.919666360000065 ], [ -170.271542070999971, 53.917644299000074 ], [ -170.323991049999961, 53.915599392000047 ], [ -170.376432921999964, 53.913531645000035 ], [ -170.428867644999968, 53.91144106400003 ], [ -170.481295176999964, 53.909327655000027 ], [ -170.533715476999959, 53.907191424000075 ], [ -170.586128504999976, 53.905032378000044 ], [ -170.638534219999968, 53.902850522000051 ], [ -170.690932577999973, 53.900645863000079 ], [ -170.743323542999974, 53.898418406000076 ], [ -170.795707068999974, 53.89616815800008 ], [ -170.848083117999977, 53.893895125000029 ], [ -170.90045164999998, 53.891599314000075 ], [ -170.952812620999964, 53.889280729000063 ], [ -171.005165991999974, 53.886939378000079 ], [ -171.057511722999976, 53.884575267000059 ], [ -171.109849771999961, 53.882188401000064 ], [ -171.162180098999983, 53.879778788000067 ], [ -171.214502661999973, 53.877346432000081 ], [ -171.266817422999964, 53.87489134100008 ], [ -171.319124339999973, 53.872413521000055 ], [ -171.371423370999963, 53.86991297700007 ], [ -171.423714477999965, 53.867389717000037 ], [ -171.47599761799998, 53.86484374500003 ], [ -171.528272753999971, 53.862275069000077 ], [ -171.580539841999979, 53.859683695000058 ], [ -171.632798843999979, 53.85706962900008 ], [ -171.685049717999959, 53.854432875000043 ], [ -171.737292425999982, 53.851773444000059 ], [ -171.789526925999979, 53.84909133900004 ], [ -171.841753177999976, 53.846386566000035 ], [ -171.89397114199997, 53.843659133000074 ], [ -171.946180778999974, 53.840909046000036 ], [ -171.998382046999978, 53.838136309000049 ], [ -172.050574906999969, 53.835340931000076 ], [ -172.102759318999972, 53.832522918000052 ], [ -172.154935242999983, 53.829682275000039 ], [ -172.20710263999996, 53.826819008000029 ], [ -172.259261467999977, 53.823933125000053 ], [ -172.311411687999964, 53.821024632000046 ], [ -172.363553261999982, 53.81809353400007 ], [ -172.415686148999981, 53.81513983900004 ], [ -172.467810306999979, 53.812163551000026 ], [ -172.519925700999977, 53.809164680000038 ], [ -172.572032286999985, 53.806143228000053 ], [ -172.624130027999968, 53.80309920500008 ], [ -172.676218883999979, 53.800032615000077 ], [ -172.728298815999977, 53.796943467000062 ], [ -172.780369782999969, 53.793831764000061 ], [ -172.832431745999969, 53.790697514000044 ], [ -172.884484666999981, 53.787540724000053 ], [ -172.936528504999984, 53.784361399000034 ], [ -172.988563221999982, 53.781159547000073 ], [ -173.040588777999972, 53.77793517300006 ], [ -173.092605133999967, 53.774688284000035 ], [ -173.144612250999984, 53.771418887000038 ], [ -173.196610088999961, 53.768126987000073 ], [ -173.24859860899997, 53.764812592000055 ], [ -173.300577773999976, 53.761475707000045 ], [ -173.352547543999975, 53.758116339000082 ], [ -173.404507877999976, 53.754734495000037 ], [ -173.45645873999996, 53.751330181000071 ], [ -173.50840009099997, 53.747903403000066 ], [ -173.560331888999968, 53.744454167000072 ], [ -173.612254098999983, 53.74098248100006 ], [ -173.664166679999965, 53.737488351000081 ], [ -173.716069594999965, 53.733971783000072 ], [ -173.767962802999961, 53.730432784000072 ], [ -173.819846267999964, 53.726871360000075 ], [ -173.871719949999971, 53.723287518000063 ], [ -173.923583809999968, 53.71968126400003 ], [ -173.975437810999978, 53.716052605000073 ], [ -174.027281912999968, 53.71240154700007 ], [ -174.079116078999959, 53.708728096000073 ], [ -174.130940270999986, 53.705032261000042 ], [ -174.182754449999976, 53.701314045000061 ], [ -174.234558576999973, 53.697573457000033 ], [ -174.28635261499997, 53.693810503000066 ], [ -174.338136525999971, 53.690025189000039 ], [ -174.389910270999962, 53.686217522000049 ], [ -174.441673811999976, 53.682387508000033 ], [ -174.493427111999978, 53.678535155000077 ], [ -174.545170131999981, 53.67466046800007 ], [ -174.596902833999962, 53.670763454000053 ], [ -174.648625181999961, 53.666844120000064 ], [ -174.700337134999984, 53.662902472000042 ], [ -174.752038658999965, 53.65893851800007 ], [ -174.803729713999985, 53.654952262000052 ], [ -174.855410262999982, 53.65094371400005 ], [ -174.907080266999969, 53.646912877000034 ], [ -174.958739690999977, 53.642859760000078 ], [ -175.010388493999983, 53.638784368000074 ], [ -175.062026641999978, 53.63468671000004 ], [ -175.113654096999966, 53.630566791000035 ], [ -175.165270819999961, 53.626424617000055 ], [ -175.216876773999985, 53.62226019600007 ], [ -175.268471923999982, 53.618073533000029 ], [ -175.320056229999977, 53.613864638000052 ], [ -175.371629654999964, 53.609633513000063 ], [ -175.423192162999982, 53.605380168000067 ], [ -175.474743716999967, 53.60110460900006 ], [ -175.52628427999997, 53.596806842000035 ], [ -175.577813814999985, 53.592486875000077 ], [ -175.629332282999968, 53.58814471200003 ], [ -175.680839649999967, 53.583780363000074 ], [ -175.732335876999969, 53.579393832000051 ], [ -175.783820928999972, 53.574985128000037 ], [ -175.835294768999972, 53.570554256000037 ], [ -175.886757357999983, 53.566101223000032 ], [ -175.938208662999983, 53.561626036000064 ], [ -175.98964864499996, 53.557128702000057 ], [ -176.041077266999963, 53.552609227000062 ], [ -176.092494494999983, 53.548067618000061 ], [ -176.143900289999976, 53.543503883000028 ], [ -176.195294616999973, 53.538918027000079 ], [ -176.246677438999967, 53.534310057000027 ], [ -176.298048721999976, 53.529679981000072 ], [ -176.349408425999968, 53.525027803000057 ], [ -176.400756516999962, 53.520353533000048 ], [ -176.45209295899997, 53.515657177000037 ], [ -176.503417715999973, 53.510938740000029 ], [ -176.554730749999976, 53.506198231000042 ], [ -176.606032026999969, 53.50143565500008 ], [ -176.657321510999964, 53.496651020000058 ], [ -176.708599165999971, 53.491844331000038 ], [ -176.759864954999983, 53.487015598000028 ], [ -176.811118842999974, 53.482164825000041 ], [ -176.862360795999962, 53.47729202000005 ], [ -176.91359077499996, 53.472397189000048 ], [ -176.964808746999978, 53.467480341000055 ], [ -177.016014675999969, 53.462541480000027 ], [ -177.067208524999984, 53.457580614000051 ], [ -177.118390260999973, 53.452597751000042 ], [ -177.16955984599997, 53.447592895000071 ], [ -177.220717245999964, 53.442566056000032 ], [ -177.271862425999984, 53.437517239000044 ], [ -177.322995350999975, 53.432446451000033 ], [ -177.374115983999985, 53.427353700000026 ], [ -177.425224290999978, 53.422238992000075 ], [ -177.476320237999971, 53.417102333000059 ], [ -177.527403786999969, 53.411943732000054 ], [ -177.578474907999976, 53.406763194000064 ], [ -177.62953355999997, 53.401560726000071 ], [ -177.680579712999986, 53.396336337000037 ], [ -177.731613329999988, 53.391090031000033 ], [ -177.782634375999976, 53.385821817000078 ], [ -177.833642817999987, 53.380531702000042 ], [ -177.884638618999986, 53.375219691000041 ], [ -177.935621745999981, 53.369885793000037 ], [ -177.986592164999962, 53.364530014000081 ], [ -178.037549840999986, 53.359152360000053 ], [ -178.08849473799998, 53.353752839000038 ], [ -178.139426821999962, 53.348331458000075 ], [ -178.190346060999985, 53.342888225000081 ], [ -178.241252418999977, 53.33742314400007 ], [ -178.292145860999966, 53.331936225000049 ], [ -178.343026354999978, 53.326427473000081 ], [ -178.393893865999985, 53.320896895000033 ], [ -178.444748358999988, 53.315344500000037 ], [ -178.495589800999966, 53.309770292000053 ], [ -178.546418157999966, 53.30417428100003 ], [ -178.597233394999961, 53.298556473000076 ], [ -178.648035478999986, 53.292916873000081 ], [ -178.698824376999966, 53.287255490000064 ], [ -178.749600054999974, 53.281572332000053 ], [ -178.800362477999983, 53.275867403000063 ], [ -178.851111613999961, 53.270140712000057 ], [ -178.901847428999986, 53.264392266000073 ], [ -178.95256988899996, 53.258622071000048 ], [ -179.003278960999978, 53.252830135000067 ], [ -179.053974610999973, 53.247016465000058 ], [ -179.10465680599998, 53.24118106800006 ], [ -179.15532551299998, 53.235323950000065 ], [ -179.205980700999987, 53.229445120000037 ], [ -179.25662233099996, 53.223544584000081 ], [ -179.307250374999967, 53.217622347000031 ], [ -179.357864799999987, 53.211678420000055 ], [ -179.408465568999986, 53.205712808000044 ], [ -179.459052652999986, 53.199725518000037 ], [ -179.50962601699996, 53.193716557000073 ], [ -179.56018562899996, 53.187685932000079 ], [ -179.610731455999968, 53.181633651000027 ], [ -179.66126346599998, 53.17555972100007 ], [ -179.711781625999976, 53.169464149000078 ], [ -179.762285902999963, 53.163346940000054 ], [ -179.812776262999961, 53.157208104000063 ], [ -179.863252676999963, 53.151047648000031 ], [ -179.913715110999988, 53.144865577000076 ], [ -179.964163530999969, 53.138661900000045 ], [ -179.999988539999976, 53.134239905000072 ] ], [ [ 179.999988540000118, 53.134237075000044 ], [ 179.985402092000072, 53.132436624000036 ], [ 179.889638577000028, 53.120550914000034 ], [ 179.799823960000026, 53.109495539000079 ], [ 179.78183668600002, 53.10723508600006 ], [ 179.763851258000045, 53.104971979000027 ], [ 179.745867674000124, 53.102706218000037 ], [ 179.72788593700011, 53.100437803000034 ], [ 179.709906047000118, 53.098166732000038 ], [ 179.691928005000022, 53.095893007000029 ], [ 179.67395181400002, 53.093616626000028 ], [ 179.655977472000018, 53.09133759100007 ], [ 179.638004982000098, 53.089055900000062 ], [ 179.620034346000125, 53.086771555000041 ], [ 179.602065562000121, 53.084484555000074 ], [ 179.584098633000053, 53.082194898000068 ], [ 179.566133561000015, 53.079902587000049 ], [ 179.548170344000027, 53.077607620000038 ], [ 179.530208986000048, 53.075309997000033 ], [ 179.512249487000076, 53.073009718000037 ], [ 179.494291849000092, 53.070706783000048 ], [ 179.476336070000116, 53.068401193000057 ], [ 179.458382155000095, 53.066092946000026 ], [ 179.44043010200005, 53.06378204300006 ], [ 179.422479913000075, 53.061468484000045 ], [ 179.404531590000033, 53.059152269000037 ], [ 179.38658513300004, 53.056833396000059 ], [ 179.368640543000083, 53.054511869000066 ], [ 179.350697822000029, 53.052187683000056 ], [ 179.332756971000094, 53.049860841000054 ], [ 179.314817990000051, 53.04753134200007 ], [ 179.296880880000117, 53.045199186000048 ], [ 179.278945643000043, 53.042864373000043 ], [ 179.261012280000045, 53.040526903000057 ], [ 179.243080792000114, 53.038186776000032 ], [ 179.225151179000022, 53.035843991000036 ], [ 179.2072234420001, 53.033498549000058 ], [ 179.189297583000098, 53.031150448000062 ], [ 179.171373604000109, 53.028799691000074 ], [ 179.153451504000031, 53.026446275000069 ], [ 179.13553128500007, 53.024090202000082 ], [ 179.117612947000111, 53.021731471000066 ], [ 179.099696494000113, 53.019370081000034 ], [ 179.081781923000108, 53.017006034000076 ], [ 179.063869238000052, 53.014639329000033 ], [ 179.045958438000071, 53.01226996500003 ], [ 179.028049527000121, 53.009897942000066 ], [ 179.010142503000111, 53.007523260000028 ], [ 178.992237368000019, 53.005145920000075 ], [ 178.974334124000052, 53.002765922000037 ], [ 178.956432770000106, 53.000383265000039 ], [ 178.938533310000025, 52.99799794900008 ], [ 178.920635741000069, 52.995609973000057 ], [ 178.90274006900006, 52.993219338000074 ], [ 178.884846290000041, 52.990826044000073 ], [ 178.866954407000094, 52.988430091000055 ], [ 178.849064424000062, 52.986031479000076 ], [ 178.831176338000091, 52.983630207000033 ], [ 178.813290151000047, 52.981226276000029 ], [ 178.795405864000031, 52.97881968400003 ], [ 178.777523480000013, 52.97641043200008 ], [ 178.759642997000014, 52.973998521000055 ], [ 178.741764418000116, 52.971583950000081 ], [ 178.72388774500007, 52.969166718000054 ], [ 178.706012975000021, 52.966746827000065 ], [ 178.688140113000031, 52.964324275000081 ], [ 178.67026915800011, 52.961899063000033 ], [ 178.652400113000112, 52.959471190000045 ], [ 178.63453297600006, 52.95704065700005 ], [ 178.616667750000033, 52.95460746200007 ], [ 178.598804436000023, 52.952171608000072 ], [ 178.580943034000029, 52.949733091000041 ], [ 178.563083547000019, 52.947291915000051 ], [ 178.545225973000015, 52.944848078000064 ], [ 178.527370315000098, 52.942401579000034 ], [ 178.509516575000021, 52.939952418000075 ], [ 178.49166475200002, 52.937500597000053 ], [ 178.473814847000085, 52.935046113000055 ], [ 178.455966863000071, 52.932588968000061 ], [ 178.438120799000103, 52.930129162000071 ], [ 178.420276657000045, 52.927666694000038 ], [ 178.402434438000114, 52.925201565000066 ], [ 178.384594143000072, 52.922733772000072 ], [ 178.366755771000044, 52.920263319000071 ], [ 178.3489193260001, 52.917790203000038 ], [ 178.331084808000014, 52.915314425000076 ], [ 178.313252217000013, 52.912835985000072 ], [ 178.295421555000075, 52.910354882000036 ], [ 178.277592824000067, 52.907871116000081 ], [ 178.259766022000122, 52.905384688000026 ], [ 178.241941153000084, 52.902895598000043 ], [ 178.224118217000068, 52.900403844000039 ], [ 178.206297214000074, 52.897909428000048 ], [ 178.18847814600008, 52.895412349000026 ], [ 178.170661013000085, 52.892912606000039 ], [ 178.15284581700007, 52.890410201000066 ], [ 178.135032560000013, 52.887905133000061 ], [ 178.117221241000038, 52.885397400000045 ], [ 178.099411862000125, 52.882887005000043 ], [ 178.081604423000044, 52.880373946000077 ], [ 178.063798927000107, 52.877858223000032 ], [ 178.045995372000107, 52.87533983700007 ], [ 178.028193763000104, 52.872818786000039 ], [ 178.010394097000017, 52.870295073000079 ], [ 177.992596377000041, 52.867768695000052 ], [ 177.974800604000052, 52.86523965300006 ], [ 177.957006779000039, 52.862707946000057 ], [ 177.939214902000117, 52.860173576000079 ], [ 177.921424974000047, 52.857636540000044 ], [ 177.903636998000025, 52.855096841000034 ], [ 177.885850973000061, 52.852554477000069 ], [ 177.868066902000123, 52.850009449000027 ], [ 177.850284782000017, 52.84746175500004 ], [ 177.832504619000019, 52.844911397000033 ], [ 177.814726410000048, 52.842358374000071 ], [ 177.796950158000072, 52.839802686000041 ], [ 177.779175864000081, 52.837244333000058 ], [ 177.761403528000073, 52.834683315000063 ], [ 177.74363315100004, 52.832119631000069 ], [ 177.725864736000062, 52.829553282000063 ], [ 177.708098281000048, 52.826984267000057 ], [ 177.690333789000078, 52.82441258800003 ], [ 177.67257126100003, 52.821838242000069 ], [ 177.654810696000027, 52.819261231000041 ], [ 177.637052097000037, 52.81668155300008 ], [ 177.619295464000061, 52.814099210000052 ], [ 177.601540800000066, 52.811514200000033 ], [ 177.583788103000074, 52.808926525000061 ], [ 177.566037375000064, 52.806336184000031 ], [ 177.548288617000026, 52.803743176000069 ], [ 177.53054183100005, 52.801147502000049 ], [ 177.512797017000025, 52.798549162000029 ], [ 177.495054175000064, 52.795948155000076 ], [ 177.477313309000124, 52.793344481000076 ], [ 177.459574417000113, 52.790738141000077 ], [ 177.441837501000123, 52.788129133000041 ], [ 177.42410256200003, 52.785517459000062 ], [ 177.406369601000051, 52.782903118000036 ], [ 177.388638619000062, 52.780286110000077 ], [ 177.370909617000052, 52.777666434000082 ], [ 177.353182595000021, 52.775044091000041 ], [ 177.335457556000051, 52.772419081000066 ], [ 177.317734499000039, 52.769791403000056 ], [ 177.300013426000078, 52.767161058000056 ], [ 177.282294337000053, 52.764528045000077 ], [ 177.264577235000047, 52.761892365000051 ], [ 177.24686211900007, 52.759254017000046 ], [ 177.229148991000102, 52.756613 ], [ 177.211437850000038, 52.753969316000052 ], [ 177.193728700000065, 52.751322964000053 ], [ 177.176021540000079, 52.748673943000028 ], [ 177.158316371000069, 52.746022255000071 ], [ 177.140613194000025, 52.743367898000031 ], [ 177.122912012000029, 52.740710872000079 ], [ 177.105212823000102, 52.738051179000081 ], [ 177.087515629000109, 52.735388816000068 ], [ 177.069820432000029, 52.732723785000076 ], [ 177.0521272310001, 52.730056085000058 ], [ 177.034436029000062, 52.727385716000072 ], [ 177.016746826000031, 52.724712679000049 ], [ 176.999059623000107, 52.722036972000069 ], [ 176.981374421000055, 52.719358595000074 ], [ 176.963691220000101, 52.716677550000043 ], [ 176.94601002200011, 52.713993835000053 ], [ 176.928330828000071, 52.711307452000028 ], [ 176.910653638000099, 52.708618399000045 ], [ 176.892978454000058, 52.705926675000057 ], [ 176.875305277000052, 52.703232283000034 ], [ 176.857634107000081, 52.700535220000063 ], [ 176.83996494500002, 52.697835488000067 ], [ 176.822297794000065, 52.695133087000045 ], [ 176.804632652000123, 52.692428014000029 ], [ 176.786969522000049, 52.689720273000034 ], [ 176.769308404000071, 52.687009860000046 ], [ 176.751649299000064, 52.684296777000043 ], [ 176.733992208000018, 52.681581025000071 ], [ 176.716337131000046, 52.678862601000048 ], [ 176.698684072000106, 52.676141507000068 ], [ 176.681033028000115, 52.673417743000073 ], [ 176.663384002000043, 52.670691308000073 ], [ 176.645736995000107, 52.66796220100008 ], [ 176.628092008000067, 52.665230425000061 ], [ 176.610449043000017, 52.662495976000059 ], [ 176.592808097000102, 52.659758858000032 ], [ 176.575169175000042, 52.657019068000068 ], [ 176.557532276000074, 52.654276607000043 ], [ 176.539897402000065, 52.65153147400008 ], [ 176.522264552000024, 52.648783671000047 ], [ 176.504633728000044, 52.64603319500003 ], [ 176.487004932000104, 52.643280048000065 ], [ 176.469378164000091, 52.64052423000004 ], [ 176.451753425000106, 52.637765740000077 ], [ 176.434130715000038, 52.635004578000064 ], [ 176.416510036000091, 52.632240744000057 ], [ 176.398891389000028, 52.629474238000057 ], [ 176.381274775000065, 52.626705061000052 ], [ 176.36366019400009, 52.623933210000075 ], [ 176.346047648000081, 52.621158688000037 ], [ 176.328437137000037, 52.618381494000062 ], [ 176.310828662000063, 52.615601627000046 ], [ 176.293222224000033, 52.612819088000037 ], [ 176.27561782500004, 52.610033876000045 ], [ 176.258015465000085, 52.60724599100007 ], [ 176.240415144000053, 52.604455434000045 ], [ 176.222816864000038, 52.601662204000036 ], [ 176.205220627000017, 52.598866300000054 ], [ 176.187626432000116, 52.596067724000079 ], [ 176.170034280000095, 52.593266475000064 ], [ 176.152444173000049, 52.590462553000066 ], [ 176.13485611200008, 52.587655957000038 ], [ 176.117270096000084, 52.584846689000074 ], [ 176.09968612800003, 52.58203474700008 ], [ 176.082104208000032, 52.579220131000056 ], [ 176.064524338000069, 52.57640284200005 ], [ 176.046946517000038, 52.573582879000071 ], [ 176.029370746000041, 52.570760243000052 ], [ 176.011797028000046, 52.567934932000071 ], [ 175.994225363000055, 52.56510694800005 ], [ 175.976655750000077, 52.562276290000057 ], [ 175.959088193000071, 52.559442957000044 ], [ 175.941522691000046, 52.556606951000049 ], [ 175.923959245000106, 52.553768270000035 ], [ 175.906397857000115, 52.550926915000048 ], [ 175.888838526000086, 52.548082886000032 ], [ 175.87128125400011, 52.545236182000053 ], [ 175.853726042000062, 52.542386804000046 ], [ 175.836172890000057, 52.539534751000076 ], [ 175.818621801000063, 52.536680024000077 ], [ 175.80107277400009, 52.53382262100007 ], [ 175.783525811000118, 52.530962543000044 ], [ 175.765980912000032, 52.528099791000045 ], [ 175.74843807700006, 52.525234363000038 ], [ 175.730897309000056, 52.522366262000048 ], [ 175.713358609000124, 52.519495484000061 ], [ 175.695821976000047, 52.516622031000054 ], [ 175.678287411000042, 52.513745903000029 ], [ 175.660754918000066, 52.510867098000062 ], [ 175.643224493000048, 52.507985619000067 ], [ 175.625696141000049, 52.505101464000063 ], [ 175.608169860000089, 52.50221463400004 ], [ 175.590645654000014, 52.499325128000066 ], [ 175.573123520000081, 52.496432946000027 ], [ 175.555603462000022, 52.493538087000047 ], [ 175.538085480000063, 52.490640554000038 ], [ 175.520569574000092, 52.487740343000041 ], [ 175.503055747000076, 52.484837457000026 ], [ 175.485543998000026, 52.48193189400007 ], [ 175.468034328000044, 52.479023656000038 ], [ 175.450526738000121, 52.476112740000076 ], [ 175.433021230000122, 52.473199148000049 ], [ 175.415517803000057, 52.47028288000007 ], [ 175.398016459000019, 52.467363935000037 ], [ 175.380517200000099, 52.464442313000063 ], [ 175.363020025000083, 52.461518015000081 ], [ 175.345524934000082, 52.458591039000055 ], [ 175.328031931000055, 52.455661387000077 ], [ 175.310541015000013, 52.452729058000045 ], [ 175.293052187000058, 52.449794051000026 ], [ 175.275565447000076, 52.446856367000066 ], [ 175.258080799000027, 52.443916006000052 ], [ 174.900640362000104, 52.383154939000065 ] ], [ [ 174.900655022000024, 52.383169700000053 ], [ 174.572938563000093, 52.332343450000053 ], [ 174.511807015000045, 52.322812203000069 ], [ 174.450703864000047, 52.313248792000081 ], [ 174.389629142000103, 52.303653236000059 ], [ 174.328582873000073, 52.294025559000033 ], [ 174.267565084000012, 52.284365782000066 ], [ 174.206575805000057, 52.274673925000059 ], [ 174.145615059000079, 52.264950011000053 ], [ 174.084682877000091, 52.255194062000044 ], [ 174.023779281000088, 52.245406098000046 ], [ 173.962904301000094, 52.235586142000045 ], [ 173.902057961000082, 52.225734216000035 ], [ 173.841240288000108, 52.215850341000078 ], [ 173.780451308000124, 52.205934539000054 ], [ 173.719691047000083, 52.195986831000027 ], [ 173.658959529000072, 52.186007240000038 ], [ 173.598256780000042, 52.175995786000044 ], [ 173.537582827000051, 52.165952493000077 ], [ 173.476937694000071, 52.155877381000039 ], [ 173.416321406000066, 52.145770472000038 ], [ 173.355733988000111, 52.135631788000069 ], [ 173.295175463000078, 52.125461351000069 ], [ 173.234645858000022, 52.115259181000056 ], [ 173.17414519700003, 52.105025303000048 ], [ 173.113673502000097, 52.094759737000061 ], [ 173.053230800000051, 52.084462505000033 ], [ 172.992817113000115, 52.074133629000073 ], [ 172.932432464000044, 52.063773129000026 ], [ 172.87207687800003, 52.053381030000025 ], [ 172.811750380000035, 52.042957351000041 ], [ 172.751452990000075, 52.032502116000046 ], [ 172.691184733000114, 52.022015346000046 ], [ 172.630945631000031, 52.011497062000046 ], [ 172.570735708000029, 52.000947287000031 ], [ 172.510554985000113, 51.990366043000051 ], [ 172.450403486000027, 51.979753351000056 ], [ 172.39028123300011, 51.96910923400003 ], [ 172.330188247000024, 51.958433712000044 ], [ 172.270124551000094, 51.947726810000063 ], [ 172.210090168000079, 51.936988547000055 ], [ 172.150085118000106, 51.926218946000063 ], [ 172.090109423000058, 51.91541802900008 ], [ 172.030163106000032, 51.904585818000044 ], [ 171.970246185000065, 51.893722334000074 ], [ 171.910358682000037, 51.882827601000031 ], [ 171.850500620000048, 51.871901640000033 ], [ 171.790672019000112, 51.860944472000028 ], [ 171.73087289800003, 51.849956119000069 ], [ 171.671103280000125, 51.838936605000072 ], [ 171.611363183000094, 51.827885951000042 ], [ 171.551652629000046, 51.816804178000041 ], [ 171.49197163700012, 51.805691309000053 ], [ 171.432320226000115, 51.794547365000028 ], [ 171.372698417000038, 51.783372370000052 ], [ 171.313106230000017, 51.772166344000027 ], [ 171.253543684000078, 51.760929310000051 ], [ 171.194010797000033, 51.749661290000063 ], [ 171.134507588000019, 51.738362307000045 ], [ 171.075034078000044, 51.727032381000072 ], [ 171.01559028500003, 51.715671536000059 ], [ 170.956176227000014, 51.704279793000069 ], [ 170.896791923000023, 51.692857174000039 ], [ 170.837437390000105, 51.681403702000068 ], [ 170.778112649000036, 51.669919398000047 ], [ 170.718817715000114, 51.658404286000064 ], [ 170.659552608000013, 51.64685838500003 ], [ 170.600317344000018, 51.635281721000069 ], [ 170.541111942000043, 51.623674312000048 ], [ 170.481936419000021, 51.612036184000033 ], [ 170.422790791000011, 51.600367356000049 ], [ 170.363675077000039, 51.588667852000071 ], [ 170.30458929200006, 51.576937694000037 ], [ 170.24553345400011, 51.565176904000054 ], [ 170.186507579000022, 51.553385504000062 ], [ 170.127511686000048, 51.541563516000053 ], [ 170.068545787000062, 51.529710962000081 ], [ 170.009609902000079, 51.517827865000072 ], [ 169.950704044000076, 51.505914247000078 ], [ 169.89182823100009, 51.493970130000037 ], [ 169.832982479000066, 51.481995537000046 ], [ 169.774166802000082, 51.469990489000054 ], [ 169.715381215000093, 51.457955009000045 ], [ 169.656625735000034, 51.445889119000071 ], [ 169.597900376000098, 51.433792840000081 ], [ 169.539205154000115, 51.421666197000036 ], [ 169.480540082000061, 51.409509211000056 ], [ 169.421905177000099, 51.397321903000034 ], [ 169.3633004510001, 51.385104297000055 ], [ 169.304725921000113, 51.372856415000058 ], [ 169.246181599000124, 51.360578277000059 ], [ 169.187667500000089, 51.348269909000066 ], [ 169.129183638000086, 51.33593133100004 ], [ 169.070730027000081, 51.323562567000067 ], [ 169.012306680000052, 51.31116363600006 ], [ 168.953913609000097, 51.298734564000029 ], [ 168.895550831000037, 51.286275372000034 ], [ 168.837218355000118, 51.273786081000026 ], [ 168.778916198000047, 51.261266715000033 ], [ 168.720644370000059, 51.248717296000052 ], [ 168.662402884000016, 51.236137846000076 ], [ 168.604191753000123, 51.223528388000034 ], [ 168.546010991000117, 51.210888944000033 ], [ 168.487860608000119, 51.198219536000067 ], [ 168.429740616000117, 51.185520186000076 ], [ 168.371651028000088, 51.172790918000032 ], [ 168.313591857000119, 51.160031753000055 ], [ 168.255563112000118, 51.147242714000072 ], [ 168.197564806000059, 51.134423823000077 ], [ 168.139596950000055, 51.121575103000055 ], [ 168.081659555000101, 51.108696577000046 ], [ 168.023752634000061, 51.095788265000067 ], [ 167.965876195000078, 51.08285019300007 ], [ 167.908030251000014, 51.069882379000035 ], [ 167.850214810000011, 51.056884849000028 ], [ 167.792429885000047, 51.043857625000044 ], [ 167.734675485000025, 51.030800728000031 ], [ 167.676951622000047, 51.017714181000031 ], [ 167.619258303000038, 51.004598007000027 ], [ 167.561595540000098, 50.99145222900006 ], [ 167.503963343000123, 50.97827686800008 ], [ 167.446361720000027, 50.96507194600008 ], [ 167.388790681000046, 50.951837487000034 ], [ 167.331250237000063, 50.93857351500003 ], [ 167.273740395000118, 50.925280049000037 ], [ 167.216261163000013, 50.911957114000074 ], [ 167.158812554000065, 50.898604731000034 ], [ 167.101394573000107, 50.885222923000072 ], [ 167.044007230000034, 50.871811713000056 ], [ 166.986650533000102, 50.85837112300004 ], [ 166.929324491000102, 50.844901176000064 ], [ 166.872029112000064, 50.831401894000066 ], [ 166.814764401000048, 50.817873300000031 ], [ 166.757530372000019, 50.804315416000065 ], [ 166.700327026000082, 50.790728266000031 ], [ 166.643154375000108, 50.777111871000045 ], [ 166.586012425000035, 50.763466254000036 ], [ 166.528901183000016, 50.749791438000045 ], [ 166.47182065700008, 50.736087445000067 ], [ 166.41477085300005, 50.722354298000027 ], [ 166.357751778000079, 50.708592019000037 ], [ 166.300763439000093, 50.694800631000078 ], [ 166.243805843000018, 50.680980157000079 ], [ 166.18687899400004, 50.667130619000034 ], [ 166.129982901000062, 50.653252040000041 ], [ 166.073117570000022, 50.639344442000038 ], [ 166.016283005000105, 50.625407848000066 ], [ 165.959479214000112, 50.611442282000041 ], [ 165.902706200000011, 50.597447763000048 ], [ 165.84596397100006, 50.583424318000027 ], [ 165.789252532000091, 50.569371967000052 ], [ 165.732571886000073, 50.555290733000049 ], [ 165.675922041000035, 50.541180639000061 ], [ 165.619303002000038, 50.52704170800007 ], [ 165.56271477100006, 50.512873961000082 ], [ 165.506157355000028, 50.498677423000061 ], [ 165.449630758000012, 50.484452115000067 ], [ 165.393134984000085, 50.470198061000076 ], [ 165.336670038000079, 50.455915282000035 ], [ 165.280235923000077, 50.441603801000042 ], [ 165.223832643000037, 50.42726364300006 ], [ 165.167460204000122, 50.412894828000049 ], [ 165.111118608000083, 50.398497380000038 ], [ 165.054807858000117, 50.384071322000068 ], [ 164.998527959000057, 50.369616675000032 ], [ 164.94227891200012, 50.355133462000026 ], [ 164.886060723000014, 50.340621708000072 ], [ 164.829873393000071, 50.32608143300007 ], [ 164.77371692600002, 50.31151266300003 ], [ 164.717591325000058, 50.296915417000037 ], [ 164.66149659000007, 50.282289720000051 ], [ 164.605432726000117, 50.267635594000069 ], [ 164.549399735000065, 50.252953061000028 ], [ 164.493397617000028, 50.238242146000061 ], [ 164.437426377000065, 50.223502870000061 ], [ 164.381486016000053, 50.208735256000068 ], [ 164.325576536000085, 50.193939328000056 ], [ 164.269697937000046, 50.17911510600004 ], [ 164.213850222000019, 50.164262615000041 ], [ 164.158033392000107, 50.149381877000053 ], [ 164.102247447000082, 50.13447291600005 ], [ 164.046492390000026, 50.119535753000036 ], [ 163.990768221000053, 50.104570411000054 ], [ 163.935074942000028, 50.089576915000066 ], [ 163.879412553000066, 50.074555285000031 ], [ 163.823781052000072, 50.059505546000025 ], [ 163.768180443000119, 50.044427719000055 ], [ 163.712610724000115, 50.029321827000047 ], [ 163.657071896000048, 50.014187894000031 ], [ 163.601554079000039, 49.999029182000072 ], [ 163.545923260000109, 49.983889608000027 ], [ 163.490323666000108, 49.968721842000036 ], [ 163.434755303000088, 49.95352590300007 ], [ 163.379218179000077, 49.938301814000056 ], [ 163.323712302000104, 49.923049597000045 ], [ 163.268237679000094, 49.907769271000063 ], [ 163.2127943160001, 49.89246085700006 ], [ 163.157382222000024, 49.877124379000065 ], [ 163.102001404000021, 49.86175985400007 ], [ 163.046651867000037, 49.846367307000037 ], [ 162.991333619000102, 49.83094675600006 ], [ 162.936046667000028, 49.815498224000066 ], [ 162.880791016000103, 49.800021731000072 ], [ 162.825566675000118, 49.784517299000072 ], [ 162.770373648000032, 49.768984948000082 ], [ 162.71521194200011, 49.753424701000029 ], [ 162.660081562000073, 49.737836577000053 ], [ 162.604982517000053, 49.722220598000035 ], [ 162.549914811000122, 49.706576785000038 ], [ 162.494878448000122, 49.690905159000067 ], [ 162.439873437000074, 49.67520574100007 ], [ 162.384899780000069, 49.659478553000042 ], [ 162.329957486000012, 49.643723617000035 ], [ 162.275046560000078, 49.627940950000038 ], [ 162.220167003000029, 49.612130578000063 ], [ 162.165318826000089, 49.596292518000041 ], [ 162.110502029000031, 49.580426794000061 ], [ 162.055716621000101, 49.564533427000072 ], [ 162.000962604000051, 49.548612437000031 ], [ 161.946239983000055, 49.532663845000059 ], [ 161.891548764000049, 49.516687673000035 ], [ 161.836888949000013, 49.50068394200008 ], [ 161.782260546000089, 49.484652672000038 ], [ 161.727663556000039, 49.468593885000075 ], [ 161.673097986000016, 49.452507603000072 ], [ 161.618563837000011, 49.436393846000044 ], [ 161.564061115000072, 49.420252636000043 ], [ 161.509589823000056, 49.404083993000029 ], [ 161.455149965000032, 49.387887939000052 ], [ 161.400741545000074, 49.371664496000051 ], [ 161.346364565000044, 49.355413684000041 ], [ 161.29201903000012, 49.339135523000039 ], [ 161.237704944000029, 49.322830036000028 ], [ 161.183422308000104, 49.30649724400007 ], [ 161.129171126000074, 49.290137168000058 ], [ 161.074951402000011, 49.273749829000053 ], [ 161.020763137000017, 49.257335248000061 ], [ 160.966606336000041, 49.240893447000076 ], [ 160.912481, 49.224424447000047 ], [ 160.858387131000086, 49.207928267000057 ], [ 160.804324734000033, 49.191404932000069 ], [ 160.750293809000027, 49.174854460000063 ], [ 160.696294360000024, 49.158276873000034 ], [ 160.642326388000015, 49.141672193000034 ], [ 160.588389894000102, 49.125040441000067 ], [ 160.534484883000118, 49.108381638000026 ], [ 160.480611355000065, 49.091695805000029 ], [ 160.426769310000054, 49.074982963000082 ], [ 160.372958754000024, 49.058243134000065 ], [ 160.319179685000108, 49.041476340000031 ], [ 160.265432106000048, 49.024682599000073 ], [ 160.211716017000072, 49.007861935000051 ], [ 160.158031420000043, 48.991014368000037 ], [ 160.104378318000045, 48.974139920000027 ], [ 160.050756708000108, 48.957238612000026 ], [ 159.997166594000078, 48.940310464000049 ], [ 159.943607976000067, 48.923355500000071 ], [ 159.890080854000075, 48.90637373900006 ], [ 159.836585230000082, 48.889365202000079 ], [ 159.783121105000077, 48.872329912000055 ], [ 159.729688477000082, 48.855267888000071 ], [ 159.676287347000084, 48.838179153000056 ], [ 159.622917718000053, 48.82106372800007 ], [ 159.569579585000042, 48.803921634000062 ], [ 159.516272953000112, 48.786752891000049 ], [ 159.462997819000066, 48.769557522000071 ], [ 159.409754184000121, 48.752335548000076 ], [ 159.356542047000062, 48.73508699000007 ], [ 159.303361408000114, 48.717811868000069 ], [ 159.250212266000062, 48.700510205000057 ], [ 159.197094622000122, 48.68318202200004 ], [ 159.144008474000088, 48.665827339000032 ], [ 159.090953821000085, 48.648446179000075 ], [ 159.037930663000111, 48.631038562000072 ], [ 158.984938998000075, 48.613604510000073 ], [ 158.93197882700008, 48.596144043000038 ], [ 158.879050147000044, 48.578657184000065 ], [ 158.826152955000111, 48.561143953000055 ], [ 158.773287255000014, 48.543604370000025 ], [ 158.720453040000052, 48.526038460000052 ], [ 158.667650310000113, 48.508446242000048 ], [ 158.614879065000082, 48.490827737000075 ], [ 158.562139303000095, 48.473182966000081 ], [ 158.509431021000069, 48.455511952000052 ], [ 158.456754217000025, 48.437814714000069 ], [ 158.404108890000089, 48.420091276000051 ], [ 158.351495038000053, 48.402341657000079 ], [ 158.298912657000074, 48.384565879000036 ], [ 158.246361745000058, 48.366763964000029 ], [ 158.193842301000018, 48.348935932000074 ], [ 158.141354321000108, 48.331081805000053 ], [ 158.088897805000101, 48.313201604000028 ], [ 158.036472747000062, 48.29529535100005 ], [ 157.98407914500001, 48.277363066000078 ], [ 157.93171699800007, 48.25940477100005 ], [ 157.879386301000068, 48.241420488000074 ], [ 157.827087053000014, 48.223410237000053 ], [ 157.774819248000085, 48.205374040000038 ], [ 157.722582884000076, 48.187311918000034 ], [ 157.67037795900012, 48.169223893000037 ], [ 157.618204467000055, 48.151109985000062 ], [ 157.566062407000118, 48.132970216000047 ], [ 157.513951772000041, 48.114804608000043 ], [ 157.461872562000053, 48.096613181000066 ], [ 157.409824771000103, 48.078395958000044 ], [ 157.35780839500012, 48.060152957000071 ], [ 157.305823432000011, 48.041884204000041 ], [ 157.253869875000078, 48.02358971700005 ], [ 157.201947722000114, 48.005269517000045 ], [ 157.150056967000069, 47.986923628000056 ], [ 157.098197606000099, 47.968552068000065 ], [ 157.046369636000122, 47.950154861000044 ], [ 156.994573052000078, 47.931732028000056 ], [ 156.94280784700004, 47.91328358800007 ], [ 156.89107401800004, 47.894809566000049 ], [ 156.839371561000121, 47.876309979000041 ], [ 156.787700470000118, 47.857784852000066 ], [ 156.736060741000074, 47.839234205000025 ], [ 156.684452367000063, 47.820658059000039 ], [ 156.632875343000023, 47.802056435000054 ], [ 156.581329666000101, 47.783429354000077 ], [ 156.529815328000041, 47.764776839000035 ], [ 156.47833232500011, 47.746098911000047 ], [ 156.426880651000033, 47.727395590000071 ], [ 156.375460301000089, 47.708666899000036 ], [ 156.324071267000022, 47.689912858000071 ], [ 156.272713546000091, 47.671133488000066 ], [ 156.221387131000029, 47.652328811000075 ], [ 156.170092014000033, 47.633498849000034 ], [ 156.118828192000024, 47.614643623000063 ], [ 156.067595658000073, 47.595763153000064 ], [ 156.016394404000039, 47.576857462000078 ], [ 155.965224426000077, 47.557926570000063 ], [ 155.914085715000056, 47.538970500000062 ], [ 155.86297826800012, 47.519989271000043 ], [ 155.811902075000035, 47.500982906000047 ], [ 155.76085713100008, 47.48195142700007 ], [ 155.709843428000113, 47.46289485300008 ], [ 155.658860959000094, 47.443813207000062 ], [ 155.607909720000066, 47.424706510000078 ], [ 155.55698970100002, 47.405574783000077 ], [ 155.506100895000031, 47.386418048000053 ], [ 155.455243296000049, 47.367236326000068 ], [ 155.404416896000043, 47.348029638000071 ], [ 155.3536216870001, 47.328798006000056 ], [ 155.302857662000065, 47.30954145000004 ], [ 155.252124814000013, 47.290259992000074 ], [ 155.201423136000017, 47.270953655000028 ], [ 155.150752619000059, 47.251622458000043 ], [ 155.10011325500011, 47.232266423000056 ], [ 155.049505037000017, 47.212885573000051 ], [ 154.998927955000113, 47.193479926000066 ], [ 154.94838200300012, 47.174049507000063 ], [ 154.897867173000122, 47.15459433400008 ], [ 154.847383455000113, 47.135114431000034 ], [ 154.796930842000052, 47.115609818000053 ], [ 154.746509326000023, 47.096080516000029 ], [ 154.696118897000019, 47.076526548000061 ], [ 154.645759547000011, 47.05694793300006 ], [ 154.595431269000073, 47.037344695000058 ], [ 154.545134051000105, 47.017716854000071 ], [ 154.494867886000065, 46.998064431000046 ], [ 154.444632766000041, 46.978387447000046 ], [ 154.394428681000022, 46.958685924000065 ], [ 154.344255623000095, 46.938959884000042 ], [ 154.294113580000044, 46.919209347000049 ], [ 154.244002545000058, 46.89943433600007 ], [ 154.193922509000117, 46.879634870000075 ], [ 154.143873462000101, 46.859810972000048 ], [ 154.093855393000013, 46.839962664000041 ], [ 154.043868295000038, 46.820089966000069 ], [ 153.993912157000068, 46.800192899000081 ], [ 153.943986970000083, 46.780271486000061 ], [ 153.894092724000075, 46.760325747000081 ], [ 153.844229409000036, 46.740355703000034 ], [ 153.794397014000083, 46.720361377000074 ], [ 153.744595530000083, 46.700342790000036 ], [ 153.694824948000019, 46.680299962000049 ], [ 153.645085256000016, 46.660232915000051 ], [ 153.595376445000056, 46.640141671000038 ], [ 153.54569850300004, 46.62002625100007 ], [ 153.496051421000061, 46.59988667500005 ], [ 153.446435188, 46.579722966000077 ], [ 153.396849794000104, 46.55953514600003 ], [ 153.347295228000121, 46.539323233000061 ], [ 153.297771479000062, 46.519087252000077 ], [ 153.248278536000043, 46.498827223000035 ], [ 153.198816389000058, 46.478543167000055 ], [ 153.149385027000108, 46.458235105000028 ], [ 153.099984437000103, 46.437903061000043 ], [ 153.050614610000025, 46.417547053000078 ], [ 153.001275536000094, 46.397167102000026 ], [ 152.951967200000013, 46.376763233000077 ], [ 152.902689593000105, 46.35633546400004 ], [ 152.853442704000031, 46.33588381800007 ], [ 152.804226520000043, 46.315408317000049 ], [ 152.755041031000019, 46.294908981000049 ], [ 152.705886223000107, 46.274385831000075 ], [ 152.65676208800005, 46.253838890000054 ], [ 152.607668610000019, 46.23326817800006 ], [ 152.558605780000107, 46.21267371600004 ], [ 152.509573585000112, 46.192055527000036 ], [ 152.460572015000025, 46.171413631000064 ], [ 152.411601054000016, 46.150748050000061 ], [ 152.362660693000066, 46.130058804000043 ], [ 152.313750919000086, 46.109345917000041 ], [ 152.264871719000098, 46.088609408000025 ], [ 152.216023082000106, 46.067849299000045 ], [ 152.167204993000041, 46.04706561200004 ], [ 152.118417443000112, 46.026258367000025 ], [ 152.069660417000023, 46.005427587000042 ], [ 152.020933902000024, 45.98457329200005 ], [ 151.972237887000119, 45.963695504000043 ], [ 151.923572358000115, 45.942794244000027 ], [ 151.874937304000014, 45.921869534000052 ], [ 151.826332710000088, 45.900921395000069 ], [ 151.777758562000031, 45.879949847000034 ], [ 151.729214850000062, 45.858954913000048 ], [ 151.680701559000113, 45.837936615000046 ], [ 151.632218676000093, 45.816894972000057 ], [ 151.583766188000027, 45.795830007000063 ], [ 151.535344081000062, 45.774741741000071 ], [ 151.486952342000109, 45.753630195000028 ], [ 151.438590959000067, 45.732495391000043 ], [ 151.390259915000115, 45.711337349000075 ], [ 151.341959200000019, 45.690156092000052 ], [ 151.293688797000073, 45.668951640000046 ], [ 151.24544869500005, 45.647724016000041 ], [ 151.197238878000121, 45.626473239000063 ], [ 151.149059333000082, 45.605199332000041 ], [ 151.10091004700007, 45.583902317000081 ], [ 151.052791005000017, 45.562582213000042 ], [ 151.004702193000071, 45.541239043000076 ], [ 150.956643596000049, 45.519872827000029 ], [ 150.908615201000089, 45.498483588000056 ], [ 150.860616992000018, 45.477071347000049 ], [ 150.812648958000068, 45.45563612400008 ], [ 150.764711080000097, 45.434177942000076 ], [ 150.716803347000109, 45.412696821000054 ], [ 150.668925742000056, 45.391192784000054 ], [ 150.621078252000075, 45.369665850000047 ], [ 150.573260863000087, 45.348116042000072 ], [ 150.525473558000044, 45.326543380000032 ], [ 150.477716324000085, 45.304947888000072 ], [ 150.429989144000047, 45.283329584000057 ], [ 150.382292005000068, 45.261688492000076 ], [ 150.334624892000079, 45.24002463100004 ], [ 150.286987788000033, 45.218338024000047 ], [ 150.239380680000068, 45.196628692000047 ], [ 150.191803550000031, 45.174896656000044 ], [ 150.144256386000052, 45.153141938000033 ], [ 150.096739171000081, 45.13136455700004 ], [ 150.049251889000061, 45.109564538000029 ], [ 150.001794526000026, 45.087741899000036 ], [ 149.954367064000053, 45.065896664000036 ], [ 149.906969490000051, 45.044028852000054 ], [ 149.859601788000077, 45.022138486000074 ], [ 149.812263941000083, 45.000225586000056 ], [ 149.765139648000059, 44.978343283000072 ], [ 149.71804591800003, 44.956438619000039 ], [ 149.670980807000092, 44.934511064000048 ], [ 149.623944292000033, 44.912560633000055 ], [ 149.576936349000107, 44.890587351000079 ], [ 149.529956951000031, 44.868591233000075 ], [ 149.483006074000059, 44.846572302000027 ], [ 149.436083693000114, 44.824530578000065 ], [ 149.389189784000109, 44.802466078000066 ], [ 149.342324321000092, 44.78037882600006 ], [ 149.295487279000099, 44.75826883700006 ], [ 149.248678632000065, 44.736136134000049 ], [ 149.201898356000015, 44.713980736000053 ], [ 149.155146424, 44.691802664000079 ], [ 149.108422813000061, 44.669601936000049 ], [ 149.061727496000117, 44.647378573000026 ], [ 149.01506044600012, 44.625132594000036 ], [ 148.968421640000088, 44.602864020000027 ], [ 148.921811051000077, 44.580572870000026 ], [ 148.875228655000114, 44.558259163000059 ], [ 148.828674423000052, 44.535922921000065 ], [ 148.782148330000041, 44.51356416200008 ], [ 148.735650351000118, 44.491182907000052 ], [ 148.689180460000102, 44.468779175000066 ], [ 148.642738631000043, 44.446352987000068 ], [ 148.5963248380001, 44.423904361000041 ], [ 148.549939052000013, 44.401433318000045 ], [ 148.503581250000025, 44.37893987800004 ], [ 148.457251405000079, 44.356424060000052 ], [ 148.410949489000018, 44.333885885000029 ], [ 148.364675477000105, 44.311325372000056 ], [ 148.318429342000059, 44.28874254200008 ], [ 148.272211059000028, 44.266137412000035 ], [ 148.226020598000105, 44.243510005000076 ], [ 148.179857934000097, 44.220860340000058 ], [ 148.133723040000064, 44.198188434000031 ], [ 148.087615891000041, 44.17549431100008 ], [ 148.04153645700012, 44.152777989000072 ], [ 147.99548471300011, 44.130039488000079 ], [ 147.949460631000079, 44.107278827000073 ], [ 147.903464184000086, 44.084496026000068 ], [ 147.857495345000075, 44.061691107000058 ], [ 147.811554088000094, 44.038864087000036 ], [ 147.765640383000118, 44.016014987000062 ], [ 147.719754205000072, 43.99314382700004 ], [ 147.673895525000034, 43.970250628000031 ], [ 147.628064317000053, 43.947335407000025 ], [ 147.582260553000083, 43.92439818500003 ], [ 147.536484204000089, 43.901438982000059 ], [ 147.49073524400012, 43.878457819000062 ], [ 147.445013645000017, 43.855454714000075 ], [ 147.399319379000076, 43.832429688000047 ], [ 147.353652418000024, 43.809382760000062 ], [ 147.308012734000044, 43.786313950000078 ], [ 147.262400299000092, 43.763223279000044 ], [ 147.2168150870001, 43.740110765000054 ], [ 146.983313681000027, 43.621073521000028 ] ], [ [ -53.298676330999967, 46.630013609000059 ], [ -52.883166399999936, 46.752021442000057 ], [ -52.694691046999935, 46.806841555000062 ], [ -52.506140208999966, 46.86124955400004 ], [ -52.317516343999955, 46.915246276000062 ], [ -52.128821905999985, 46.968832565000071 ], [ -51.940059343999962, 47.022009263000029 ], [ -51.751231105999977, 47.07477721600003 ], [ -51.562339634999944, 47.127137270000048 ], [ -51.373387371999968, 47.179090274000032 ], [ -51.184376752999981, 47.230637079000076 ], [ -50.995310211999936, 47.281778538000026 ], [ -50.806190178999941, 47.332515504000071 ], [ -50.617019078999931, 47.382848833000025 ], [ -50.427799332999939, 47.432779383000081 ], [ -50.421047158999954, 47.43454693800004 ], [ -50.238533360999952, 47.482308013000079 ], [ -50.049223572999949, 47.531435584000064 ], [ -49.859872379999956, 47.580162959000063 ], [ -49.670482185999958, 47.628491003000079 ], [ -49.481055391999973, 47.676420582000048 ], [ -49.291594392999968, 47.723952564000058 ], [ -49.102101577999974, 47.77108781700008 ], [ -48.912579336999954, 47.817827215000079 ], [ -48.723030047999941, 47.864171630000044 ], [ -48.533456086999934, 47.910121935000063 ], [ -48.34385982699996, 47.955679008000061 ], [ -48.154243631999975, 48.000843728000063 ], [ -47.964609861999975, 48.045616971000072 ], [ -47.774960872999941, 48.08999962200005 ], [ -47.585299013999986, 48.133992563000049 ], [ -47.395626627999945, 48.177596677000054 ], [ -47.205946052999934, 48.220812852000051 ], [ -47.016259622999939, 48.263641974000052 ], [ -46.826569660999951, 48.306084934000069 ], [ -46.636878487999979, 48.348142622000069 ], [ -46.447188417999939, 48.389815930000054 ], [ -46.257501760999958, 48.431105752000065 ], [ -46.067820813999958, 48.472012985000049 ], [ -45.878147875999957, 48.512538526000071 ], [ -45.688485231999948, 48.552683273000071 ], [ -45.498835166999982, 48.592448126000079 ], [ -45.309199951999972, 48.63183398700005 ], [ -45.119581857999947, 48.670841761000077 ], [ -44.929983146999973, 48.709472349000066 ], [ -44.74040606899996, 48.747726662000048 ], [ -44.550852875999965, 48.785605605000057 ], [ -44.361325803999932, 48.823110087000032 ], [ -44.171827089999965, 48.860241020000046 ], [ -43.982358953999949, 48.896999316000063 ], [ -43.792923616999985, 48.933385890000068 ], [ -43.603523288999952, 48.96940165500007 ], [ -43.414160172999971, 49.005047528000034 ], [ -43.224836461999985, 49.040324428000076 ], [ -43.03555434499998, 49.075233274000027 ], [ -42.846316000999934, 49.109774987000037 ], [ -42.657123599999977, 49.143950490000066 ], [ -42.46797930699995, 49.177760705000026 ], [ -42.278885273999947, 49.211206560000051 ], [ -42.089843650999967, 49.244288979000032 ], [ -41.900856575999967, 49.277008890000047 ], [ -41.711926175999963, 49.309367224000027 ], [ -41.523054576999982, 49.341364911000028 ], [ -41.334243889999982, 49.373002882000037 ], [ -41.145496216999959, 49.404282072000058 ], [ -40.956813658999977, 49.435203414000057 ], [ -40.768198297999959, 49.465767846000062 ], [ -40.579652213999964, 49.495976303000077 ], [ -40.391177478999964, 49.525829725000051 ], [ -40.202776149999977, 49.555329052000047 ], [ -40.01445027699998, 49.584475225000062 ], [ -39.826201904999948, 49.613269186000082 ], [ -39.638033065999934, 49.641711881000049 ], [ -39.449945781999929, 49.669804252000063 ], [ -39.26194206699995, 49.697547248000035 ], [ -39.074023929999953, 49.724941815000079 ], [ -38.886193358999947, 49.75198890300004 ], [ -38.698452347999932, 49.778689460000066 ], [ -38.510802865999949, 49.805044440000074 ], [ -38.323246882999968, 49.831054796000046 ], [ -38.135786354999937, 49.856721478000054 ], [ -37.948423227999967, 49.882045444000028 ], [ -37.761159438999982, 49.907027650000032 ], [ -37.573996916999931, 49.931669051000029 ], [ -37.38693757599998, 49.955970609000076 ], [ -37.199983325999938, 49.979933281000058 ], [ -37.013047785999959, 50.003569919000029 ], [ -36.825727248999954, 50.02693594200008 ], [ -36.63851838599993, 50.049965562000068 ], [ -36.451423292999948, 50.072659714000054 ], [ -36.264444051999931, 50.095019335000075 ], [ -36.077582733999975, 50.11704536600007 ], [ -35.890841396999974, 50.138738747000048 ], [ -35.704222081999944, 50.160100423000074 ], [ -35.517726821999929, 50.181131337000068 ], [ -35.331357633999971, 50.201832436000075 ], [ -35.145116519999931, 50.222204667000028 ], [ -34.959005471999944, 50.242248981000046 ], [ -34.77302646499993, 50.261966329000074 ], [ -34.587181462999979, 50.281357662000062 ], [ -34.401472413999954, 50.300423937000062 ], [ -34.215901254999949, 50.319166107000058 ], [ -34.03046990799993, 50.337585131000026 ], [ -33.845180278999976, 50.355681968000056 ], [ -33.660034264999979, 50.373457579000046 ], [ -33.475033743999973, 50.390912925000066 ], [ -33.290180581999948, 50.408048970000038 ], [ -33.105476633999956, 50.424866678000058 ], [ -32.920923734999974, 50.441367018000051 ], [ -32.736523710999961, 50.457550955000045 ], [ -32.552278371999932, 50.473419461000049 ], [ -32.368189511999958, 50.488973505000047 ], [ -32.18425891499993, 50.504214060000038 ], [ -32.000488343999962, 50.519142101000057 ], [ -31.816879556999936, 50.533758601000045 ], [ -31.633434289999968, 50.548064538000062 ], [ -31.450154267999949, 50.562060889000065 ], [ -31.267041200999984, 50.575748635000082 ], [ -31.084096781999961, 50.589128754000058 ], [ -30.901322695999966, 50.602202231000035 ], [ -30.718720606999966, 50.614970047000043 ], [ -30.536292166999942, 50.627433188000055 ], [ -30.354039014999955, 50.639592640000046 ], [ -30.171962771999972, 50.651449391000028 ], [ -29.990065046999973, 50.663004428000079 ], [ -29.808347435999963, 50.674258741000074 ], [ -29.626811514999929, 50.685213323000028 ], [ -29.445458849999966, 50.695869164000044 ], [ -29.264290990999939, 50.706227261000038 ], [ -29.083309472999929, 50.716288606000035 ], [ -28.902515818999973, 50.726054196000064 ], [ -28.721911530999932, 50.73552502800004 ], [ -28.541498101999935, 50.744702102000076 ], [ -28.361277008999934, 50.753586418000054 ], [ -28.181249714999979, 50.762178974000051 ], [ -28.001417664999963, 50.770480775000067 ], [ -27.821782293999945, 50.778492823000079 ], [ -27.642345018999947, 50.786216122000042 ], [ -27.463107240999932, 50.79365167800006 ], [ -27.284070351999958, 50.800800499000047 ], [ -27.105235722999964, 50.80766359200004 ], [ -26.926604715999929, 50.814241964000075 ], [ -26.748178672999927, 50.82053662800007 ], [ -26.569958923999934, 50.826548592000051 ], [ -26.391946786999938, 50.832278871000028 ], [ -26.214143557999932, 50.837728476000052 ], [ -26.036550527999964, 50.842898422000076 ], [ -25.859168963999934, 50.847789725000041 ], [ -25.682000124999945, 50.852403400000071 ], [ -25.505045250999956, 50.85674046500003 ], [ -25.328305571999977, 50.860801937000076 ], [ -25.151782298999933, 50.864588837000042 ], [ -24.975476631999982, 50.868102185000055 ], [ -24.799389753999947, 50.871343 ], [ -24.62352283499996, 50.874312307000082 ], [ -24.447877027999937, 50.87701112700006 ], [ -24.272453475999953, 50.879440486000078 ], [ -24.097253304999981, 50.881601406000073 ], [ -23.922277624999936, 50.883494915000028 ], [ -23.747527532999982, 50.885122040000056 ], [ -23.573004114999947, 50.886483807000047 ], [ -23.398708436999982, 50.887581245000035 ], [ -23.224641554999948, 50.888415384000041 ], [ -23.050804506999953, 50.888987254000028 ], [ -22.877198322999959, 50.889297885000076 ], [ -22.703824009999948, 50.889348311000049 ], [ -22.530682568999964, 50.889139563000072 ], [ -22.357774982999956, 50.888672674000077 ], [ -22.185102222999944, 50.887948679000033 ], [ -22.012665241999969, 50.886968615000058 ], [ -21.840464982999947, 50.885733514000037 ], [ -21.668502373999956, 50.884244416000058 ], [ -21.496778327999948, 50.882502356000032 ], [ -21.325293745999943, 50.880508374000044 ], [ -21.154049513999951, 50.878263508000032 ], [ -20.983046504999948, 50.875768797000035 ], [ -20.812285575999965, 50.873025282000071 ], [ -20.64176757599995, 50.870034004000047 ], [ -20.471493330999976, 50.866796005000026 ], [ -20.301463664999972, 50.863312326000027 ], [ -20.131679378999934, 50.859584012000028 ], [ -19.962141264999957, 50.855612105000034 ], [ -19.792850102999978, 50.851397649000035 ], [ -19.623806653999964, 50.84694169100004 ], [ -19.455011671999955, 50.842245275000039 ], [ -19.286465893999946, 50.837309449000031 ], [ -19.118170044999943, 50.832135258000051 ], [ -18.950124836999976, 50.826723751000031 ], [ -18.782330969999975, 50.821075974000053 ], [ -18.614789126999938, 50.815192977000038 ], [ -18.447499983999933, 50.809075809000035 ], [ -18.280464200999972, 50.802725520000081 ], [ -18.113682423999933, 50.796143159000053 ], [ -17.947155285999941, 50.78932977900007 ], [ -17.780883413999959, 50.782286431000045 ], [ -17.614867413999946, 50.775014165000073 ], [ -17.449107881999964, 50.767514035000033 ], [ -17.283605406999982, 50.759787093000057 ], [ -17.118360557999949, 50.751834393000081 ], [ -16.95337389499997, 50.743656989000044 ], [ -16.788645965999933, 50.735255935000055 ], [ -16.624177306999968, 50.72663228600004 ], [ -16.459968441999933, 50.717787097000041 ], [ -16.29601987999996, 50.708721424000032 ], [ -16.132332122999969, 50.699436322000054 ], [ -15.968905657999926, 50.689932850000048 ], [ -15.80574095999998, 50.680212063000056 ], [ -15.642838493999932, 50.67027501900003 ], [ -15.480198711999947, 50.660122776000037 ], [ -15.317822056999944, 50.649756391000039 ], [ -15.155708954999966, 50.639176925000072 ], [ -14.993859824999959, 50.628385434000052 ], [ -14.832275075999974, 50.61738297900007 ], [ -14.670955099999958, 50.606170620000057 ], [ -14.509900284999958, 50.594749415000081 ], [ -14.349111001999972, 50.58312042700004 ], [ -14.188587611999935, 50.571284715000047 ], [ -14.028330468999968, 50.559243339000034 ], [ -13.868339912999943, 50.54699736200007 ], [ -13.708616270999926, 50.534547845000077 ], [ -13.549159864999979, 50.521895849000032 ], [ -13.389971001999982, 50.509042439000041 ], [ -13.231049979999966, 50.495988673000056 ], [ -13.072397085999967, 50.48273561700006 ], [ -12.914012597999942, 50.469284333000076 ], [ -12.755896781999979, 50.45563588400006 ], [ -12.598049894999974, 50.441791333000026 ], [ -12.44047218399993, 50.427751744000034 ], [ -12.283163883999975, 50.413518181000029 ], [ -12.126125220999938, 50.399091708000071 ], [ -11.969356415999926, 50.38447338800006 ], [ -11.812857672999939, 50.369664288000081 ], [ -11.656629188999943, 50.354665471000033 ], [ -11.500671151999939, 50.339478001000032 ], [ -11.344983740999965, 50.32410294400006 ], [ -11.18956712399995, 50.308541366000043 ], [ -11.034421461999955, 50.292794331000039 ], [ -10.879546902999948, 50.27686290500003 ], [ -10.724943589999953, 50.260748153000065 ], [ -10.570611654999936, 50.244451142000059 ], [ -10.416551220999963, 50.227972937000061 ], [ -10.262762401999964, 50.211314603000062 ], [ -10.109245304999945, 50.194477207000034 ], [ -9.956000023999934, 50.177461815000072 ], [ -9.803026647999957, 50.16026949500008 ], [ -9.650325258999942, 50.14290131000007 ], [ -9.497895926999945, 50.125358329000051 ], [ -9.345738713999935, 50.10764161700007 ], [ -9.193853676999936, 50.089752241000042 ], [ -9.042240860999925, 50.071691269000041 ], [ -8.890900303999956, 50.053459765000071 ], [ -8.739832036999928, 50.03505879800008 ], [ -8.589036083999929, 50.016489433000061 ], [ -8.438442919999943, 49.997760213000049 ], [ -8.287608603999956, 49.978919861000065 ], [ -8.137044983999942, 49.959914371000082 ], [ -7.986752205999949, 49.940744792000032 ], [ -7.836730409999973, 49.921412178000026 ], [ -7.686979729999962, 49.901917577000063 ], [ -7.216104743999949, 49.838276432000043 ], [ -4.845736625999962, 48.98768285500006 ] ], [ [ -179.999988540999965, 50.558614514000055 ], [ -179.45676574999996, 50.588866906000078 ], [ -179.334781059999983, 50.595102432000033 ], [ -179.212796103999978, 50.601207559000045 ], [ -179.090811225999971, 50.607182335000061 ], [ -178.968826767999985, 50.613026798000078 ], [ -178.846843075999971, 50.618740994000063 ], [ -178.724860491999976, 50.624324967000064 ], [ -178.602879362999971, 50.629778760000079 ], [ -178.48090003599998, 50.635102416000052 ], [ -178.358922854999975, 50.640295980000076 ], [ -178.23694816699998, 50.645359497000072 ], [ -178.114976319999982, 50.650293012000077 ], [ -177.993007659999961, 50.655096567000044 ], [ -177.871042536999965, 50.659770210000033 ], [ -177.749081296999975, 50.664313984000046 ], [ -177.627124289999983, 50.668727937000028 ], [ -177.505171863999976, 50.673012112000038 ], [ -177.383224370999983, 50.677166557000078 ], [ -177.261282158999961, 50.681191317000071 ], [ -177.139345578999979, 50.685086438000042 ], [ -177.017414978999966, 50.688851966000072 ], [ -176.895490713999976, 50.692487949000054 ], [ -176.773573130999978, 50.695994433000067 ], [ -176.651662584999968, 50.699371466000059 ], [ -176.52975942599997, 50.702619094000056 ], [ -176.407864005999983, 50.705737365000061 ], [ -176.285976678999987, 50.708726327000079 ], [ -176.164097795999965, 50.711586028000056 ], [ -176.042227708999974, 50.714316515000064 ], [ -175.920366773999973, 50.716917838000029 ], [ -175.798515341999973, 50.719390044000079 ], [ -175.676673767999972, 50.721733182000037 ], [ -175.55484240399997, 50.723947301000067 ], [ -175.433021606999972, 50.726032451000037 ], [ -175.311211727999961, 50.727988680000067 ], [ -175.189413123999969, 50.72981603900007 ], [ -175.06762614699997, 50.731514575000062 ], [ -174.945851152999978, 50.733084341000051 ], [ -174.824088495999973, 50.73452538600003 ], [ -174.70233853299996, 50.735837760000038 ], [ -174.580601616999985, 50.737021513000059 ], [ -174.458878103999979, 50.738076697000054 ], [ -174.337168348999967, 50.739003361000073 ], [ -174.215472707999965, 50.739801558000067 ], [ -174.09379153499998, 50.740471339000067 ], [ -173.972125186999961, 50.741012755000042 ], [ -173.850474018999961, 50.741425858000071 ], [ -173.728838386999968, 50.741710700000056 ], [ -173.607218644999961, 50.741867333000073 ], [ -173.485615149999973, 50.741895808000038 ], [ -173.36402825899998, 50.741796180000051 ], [ -173.242458324999973, 50.741568501000074 ], [ -173.120905703999966, 50.741212823000069 ], [ -172.999370753999983, 50.740729198000054 ], [ -172.877853828999974, 50.740117682000061 ], [ -172.756355283999966, 50.739378327000054 ], [ -172.634875475999962, 50.738511188000075 ], [ -172.513414758999971, 50.73751631600004 ], [ -172.39197348899998, 50.736393768000028 ], [ -172.270552020999986, 50.735143597000047 ], [ -172.149150711999965, 50.733765858000027 ], [ -172.027769913999975, 50.732260605000079 ], [ -171.906409982999975, 50.730627893000076 ], [ -171.785071274999979, 50.728867777000062 ], [ -171.663754144999984, 50.726980314000059 ], [ -171.542458944999964, 50.724965557000075 ], [ -171.421186030999962, 50.722823562000031 ], [ -171.299935757999975, 50.72055438600006 ], [ -171.178708478999965, 50.718158085000027 ], [ -171.057504546999979, 50.715634714000032 ], [ -170.936324316999986, 50.71298433000004 ], [ -170.815168142999966, 50.710206990000074 ], [ -170.694036375999985, 50.707302750000053 ], [ -170.572929370999987, 50.704271669000036 ], [ -170.45184747899998, 50.701113801000076 ], [ -170.330791052999984, 50.697829205000062 ], [ -170.209760446999979, 50.694417940000051 ], [ -170.088756010999987, 50.69088006100003 ], [ -169.967778096999979, 50.687215628000047 ], [ -169.846827056999985, 50.683424698000067 ], [ -169.72590323999998, 50.679507330000035 ], [ -169.605006998999983, 50.675463582000077 ], [ -169.484138683999959, 50.67129351300008 ], [ -169.363298644999986, 50.666997182000046 ], [ -169.242487229999966, 50.662574648000032 ], [ -169.121704790999985, 50.65802596900005 ], [ -169.000951673999964, 50.653351207000071 ], [ -168.880228229999972, 50.64855041900006 ], [ -168.759534805999976, 50.643623667000043 ], [ -168.638871749999964, 50.638571010000078 ], [ -168.518239410999968, 50.633392508000043 ], [ -168.397638132999958, 50.628088221000041 ], [ -168.277068264999969, 50.622658212000033 ], [ -168.156530153999967, 50.61710253900003 ], [ -168.036024141999974, 50.611421263000068 ], [ -167.915550575999958, 50.605614446000061 ], [ -167.795109800999967, 50.599682151000081 ], [ -167.674702162999978, 50.593624436000027 ], [ -167.554328001999977, 50.587441365000075 ], [ -167.433987663999972, 50.581133 ], [ -167.313681491999972, 50.574699402000078 ], [ -167.193409826999982, 50.568140634000031 ], [ -167.073173009999977, 50.56145675700003 ], [ -166.952971383999966, 50.554647836000072 ], [ -166.832805288999964, 50.547713931000033 ], [ -166.712675064999985, 50.540655107000077 ], [ -166.592581051999986, 50.533471427000052 ], [ -166.472523587999973, 50.526162953000039 ], [ -166.352503013999979, 50.518729749000045 ], [ -166.232519663999966, 50.511171878000027 ], [ -166.11257387699996, 50.503489406000028 ], [ -165.992665990999967, 50.495682396000063 ], [ -165.872796338999962, 50.487750912000081 ], [ -165.752965259999968, 50.479695018000029 ], [ -165.633173085999971, 50.471514778000028 ], [ -165.513420150999963, 50.46321025900005 ], [ -165.393706789999982, 50.454781524000055 ], [ -165.274033333999967, 50.446228639000026 ], [ -165.154400116999966, 50.437551669000072 ], [ -165.034807469999976, 50.428750679000075 ], [ -164.915255722999973, 50.419825736000064 ], [ -164.795745204999974, 50.410776904000045 ], [ -164.676276247999965, 50.401604250000048 ], [ -164.556849176999975, 50.392307840000058 ], [ -164.437464323999961, 50.382887741000047 ], [ -164.318122013999982, 50.373344018000068 ], [ -164.198822572999973, 50.363676738000038 ], [ -164.079566325999963, 50.353885969000032 ], [ -163.960353599999962, 50.343971777000036 ], [ -163.841184718999983, 50.333934230000068 ], [ -163.722060003999985, 50.323773395000046 ], [ -163.60297977899998, 50.313489339000057 ], [ -163.483944366999964, 50.303082131000053 ], [ -163.364954085999983, 50.292551837000076 ], [ -163.246009258999976, 50.281898526000077 ], [ -163.127110203999962, 50.271122267000067 ], [ -163.00825723899996, 50.260223128000064 ], [ -162.889450682999978, 50.249201177000032 ], [ -162.770690850999983, 50.238056483000037 ], [ -162.533312626999958, 50.215399140000045 ], [ -162.296125083999982, 50.192251656000053 ], [ -162.059130722999981, 50.168614585000057 ], [ -161.822332035999978, 50.144488484000078 ], [ -161.585731495999966, 50.119873916000074 ], [ -161.349331564999972, 50.094771445000049 ], [ -161.113134684999977, 50.069181638000032 ], [ -160.877143285999978, 50.043105063000041 ], [ -160.641359784999963, 50.016542291000064 ], [ -160.40581043399996, 49.989528786000051 ], [ -160.17050998199997, 49.962086074000069 ], [ -159.935422105999976, 49.934159443000055 ], [ -159.700549100999979, 49.905749419000074 ], [ -159.465893244999961, 49.876856530000055 ], [ -159.231456805999983, 49.847481306000077 ], [ -158.99724203599996, 49.81762427600006 ], [ -158.763251172999958, 49.787285972000063 ], [ -158.529486441999978, 49.756466930000045 ], [ -158.295950054999963, 49.725167684000041 ], [ -158.062644205999959, 49.693388772000048 ], [ -157.829571077999958, 49.661130734000039 ], [ -157.596732835999973, 49.628394109000055 ], [ -157.364131633999961, 49.595179441000028 ], [ -157.131769609999964, 49.561487271000033 ], [ -156.899648883999959, 49.527318147000074 ], [ -156.667771564999981, 49.492672617000039 ], [ -156.436139742999984, 49.457551229000046 ], [ -156.204755493999983, 49.42195453100004 ], [ -155.97362087999997, 49.385883078000063 ], [ -155.742737944999959, 49.349337423000065 ], [ -155.512108718999968, 49.312318120000043 ], [ -155.281735212999962, 49.274825726000074 ], [ -155.051619426999963, 49.236860800000045 ], [ -154.821763339999961, 49.198423903000048 ], [ -154.592168916999981, 49.159515593000037 ], [ -154.36283810599997, 49.120136436000053 ], [ -154.13377283799997, 49.080286995000051 ], [ -153.904975029999974, 49.039967837000063 ], [ -153.676446576999979, 48.99917952800007 ], [ -153.448189362999983, 48.95792263900006 ], [ -153.220205251999971, 48.916197738000051 ], [ -152.992496091999982, 48.874005400000044 ], [ -152.765063711999971, 48.831346197000073 ], [ -152.537909925999969, 48.788220703000036 ], [ -152.311036528999978, 48.744629496000073 ], [ -152.08444529999997, 48.70057315300005 ], [ -151.858137998999979, 48.656052254000031 ], [ -151.632116370999967, 48.611067380000065 ], [ -151.406382141999984, 48.565619112000036 ], [ -151.180937015999973, 48.519708035000065 ], [ -150.955782686999981, 48.473334732000069 ], [ -150.730920825999959, 48.426499793000062 ], [ -150.506353087999969, 48.379203803000053 ], [ -150.282081107999971, 48.331447352000055 ], [ -150.058106503999966, 48.28323103200006 ], [ -149.83443087699996, 48.234555433000025 ], [ -149.611055808999964, 48.185421150000082 ], [ -149.387982861999973, 48.135828777000029 ], [ -149.165213582999968, 48.085778911000034 ], [ -148.942749497999984, 48.035272148000047 ], [ -148.72059211399997, 47.984309089000078 ], [ -148.498742921999963, 47.932890332000056 ], [ -148.277203392999979, 47.881016480000028 ], [ -148.055974979999974, 47.828688137000029 ], [ -147.835059115999968, 47.77590590300008 ], [ -147.614457216999966, 47.722670387000051 ], [ -147.394170677999966, 47.668982195000069 ], [ -147.174200877999965, 47.614841934000026 ], [ -146.954549176999961, 47.560250215000053 ], [ -146.73521691199997, 47.505207647000077 ], [ -146.516205405999983, 47.449714842000049 ], [ -146.297515961999977, 47.393772414000068 ], [ -146.079149860999962, 47.337380977000066 ], [ -145.861108368999965, 47.280541146000076 ], [ -145.64339272999996, 47.223253537000062 ], [ -145.42600417099996, 47.165518770000062 ], [ -145.208943898999962, 47.107337464000068 ], [ -144.992213102999983, 47.048710238000069 ], [ -144.77581294899997, 46.989637714000025 ], [ -144.559744590999969, 46.930120515000056 ], [ -144.344009156999959, 46.870159264000051 ], [ -144.128607760999984, 46.809754589000079 ], [ -143.913541491999979, 46.74890711300003 ], [ -143.698811425999963, 46.687617465000073 ], [ -143.484418615999971, 46.625886274000038 ], [ -143.2703641, 46.563714168000047 ], [ -143.056648889999963, 46.501101779000066 ], [ -142.84327398399995, 46.438049739000064 ], [ -142.630240362, 46.374558681000053 ], [ -142.417548978999946, 46.310629239000036 ], [ -142.20520077599997, 46.246262048000062 ], [ -141.993196673999989, 46.181457745000046 ], [ -141.78153757299998, 46.116216967000071 ], [ -141.570224355999983, 46.050540352000041 ], [ -141.359257883999987, 45.984428541000057 ], [ -141.148639002999971, 45.917882173000066 ], [ -140.938368536999974, 45.850901890000046 ], [ -140.728447290999952, 45.783488335000072 ], [ -140.518876052, 45.715642152000044 ], [ -140.309655586999952, 45.647363986000073 ], [ -140.10078664599996, 45.578654481000058 ], [ -139.892269957999986, 45.509514286000069 ], [ -139.684106233999955, 45.43994404700004 ], [ -139.476296164999951, 45.369944414000031 ], [ -139.268840424999951, 45.299516035000067 ], [ -139.061739666999983, 45.228659563000065 ], [ -138.854994526999974, 45.157375647000038 ], [ -138.648605622, 45.085664942000051 ], [ -138.442573548999974, 45.01352810000003 ], [ -138.23699570499997, 44.941109097000037 ], [ -138.031799199999966, 44.868294369000068 ], [ -137.826962227999957, 44.795051152000042 ], [ -137.622485082999958, 44.721380011000065 ], [ -137.418368038999972, 44.647281512000063 ], [ -137.316444634, 44.610072180000031 ], [ -137.21461134599997, 44.572756221000077 ], [ -137.112868201999959, 44.535333706000074 ], [ -137.011215231, 44.497804705000078 ], [ -136.909652455999947, 44.460169291000057 ], [ -136.808179898999981, 44.422427533000075 ], [ -136.706797586, 44.384579503000055 ], [ -136.605505533999974, 44.34662527200004 ], [ -136.504303764999975, 44.308564912000065 ], [ -136.403192295999986, 44.270398492000027 ], [ -136.302171143999942, 44.232126085000061 ], [ -136.201240324999958, 44.193747761000054 ], [ -136.100399850999963, 44.155263593000029 ], [ -135.999649735999981, 44.116673651000042 ], [ -135.898989990999951, 44.07797800600008 ], [ -135.798420623999959, 44.039176731000055 ], [ -135.697941645999947, 44.000269896000077 ], [ -135.597553062999964, 43.961257573000069 ], [ -135.497254878999968, 43.922139834000063 ], [ -135.397047100999941, 43.88291674900006 ], [ -135.296929730999977, 43.843588391000026 ], [ -135.196902770999941, 43.804154832000052 ], [ -135.096966218999967, 43.764616143000069 ], [ -134.997120076999977, 43.724972394000076 ], [ -134.897364339999967, 43.68522365900003 ], [ -134.797699005999959, 43.645370009000032 ], [ -134.698124066999981, 43.605411516000061 ], [ -134.598639521, 43.565348252000035 ], [ -134.49924535599996, 43.525180288000058 ], [ -134.39994156399996, 43.48490769700004 ], [ -134.300728134999986, 43.444530550000025 ], [ -134.201605057999984, 43.404048919000047 ], [ -134.102572315999964, 43.363462877000075 ], [ -134.003629899999964, 43.322772495000038 ], [ -133.904777788999979, 43.281977845000029 ], [ -133.806015968999986, 43.241078999000081 ], [ -133.70734441999997, 43.200076032000027 ], [ -133.608763121999971, 43.158969012000057 ], [ -133.510272054999973, 43.117758012000081 ], [ -133.411871193999957, 43.076443107000046 ], [ -133.313560518999964, 43.035024367000062 ], [ -133.215340000999959, 42.993501865000042 ], [ -133.117209616999958, 42.951875674000064 ], [ -133.019169337, 42.910145864000071 ], [ -132.921219131999976, 42.868312509000077 ], [ -132.823358970999948, 42.826375683000037 ], [ -132.725588824999988, 42.784335456000065 ], [ -132.627908658999957, 42.742191901000069 ], [ -132.530318438, 42.699945091000075 ], [ -132.432818128999941, 42.657595099000048 ], [ -132.335407692999979, 42.615141996000034 ], [ -132.238087093, 42.572585857000036 ], [ -132.140856287999952, 42.529926752000051 ], [ -132.043715239, 42.487164755000038 ], [ -131.946663904, 42.444299940000064 ], [ -131.849702237999963, 42.401332378000063 ], [ -131.75283019799997, 42.358262143000047 ], [ -131.656047737999984, 42.315089306000061 ], [ -131.559354811, 42.271813941000062 ], [ -131.462751366999953, 42.228436122000062 ], [ -131.366237358999967, 42.18495592000005 ], [ -131.26981273399997, 42.141373408000049 ], [ -131.173477439999942, 42.097688661000063 ], [ -131.077231424999979, 42.05390175000008 ], [ -130.981074633, 42.010012749000055 ], [ -130.885007009, 41.96602173000008 ], [ -130.789028494999968, 41.921928769000033 ], [ -130.693139032999966, 41.877733935000037 ], [ -130.597338563999983, 41.833437304000029 ], [ -130.501627026999984, 41.789038947000051 ], [ -130.406004358999951, 41.744538940000041 ], [ -130.310470496999983, 41.699937355000031 ], [ -130.215025375999971, 41.655234264000057 ], [ -130.119668930999978, 41.610429742000065 ], [ -130.024401094999973, 41.565523861000031 ], [ -129.929221797999958, 41.520516696000072 ], [ -129.834130972999958, 41.475408319000053 ], [ -129.739128548999986, 41.430198804000042 ], [ -129.644214451999972, 41.384888224000065 ], [ -129.54938861, 41.339476653000077 ], [ -129.454650949999973, 41.293964164000045 ], [ -129.360001394999983, 41.248350831000039 ], [ -129.265439867999987, 41.202636728000073 ], [ -129.170966291999946, 41.156821927000067 ], [ -129.076580587999956, 41.110906503000081 ], [ -128.982282673999975, 41.064890529000024 ], [ -128.888072470999987, 41.018774079000025 ], [ -128.793949893999979, 40.972557226000049 ], [ -128.699914859999978, 40.926240045000043 ], [ -128.605967284999963, 40.87982260800004 ], [ -128.512107080999954, 40.833304991000034 ], [ -128.418334160999962, 40.786687266000058 ], [ -128.32464843799994, 40.739969507000069 ], [ -128.231049819999953, 40.693151789000069 ], [ -128.137538216999985, 40.646234185000026 ], [ -128.044113537999976, 40.599216768000076 ], [ -127.950775687999965, 40.552099614000042 ], [ -127.857524572999978, 40.504882796000061 ], [ -127.764360097999941, 40.457566388000032 ], [ -127.671282166999958, 40.410150463000036 ], [ -127.578290679999952, 40.362635097000066 ], [ -127.485385539999982, 40.315020362000041 ], [ -127.392566645999977, 40.267306333000079 ], [ -127.299833896, 40.219493085000067 ], [ -127.207187188999967, 40.171580692000077 ], [ -127.114626419999979, 40.123569227000075 ], [ -127.022151485, 40.075458764000075 ], [ -126.929762278999988, 40.027249378000079 ], [ -126.837426455999946, 39.978992123000069 ], [ -126.745134949999965, 39.93070066000007 ], [ -126.652929651999955, 39.882308438000052 ], [ -126.560810476999961, 39.83381552000003 ], [ -126.46877733599996, 39.785221965000062 ], [ -126.376830140999971, 39.736527834000071 ], [ -126.284968804999949, 39.68773318600006 ], [ -126.193193233999978, 39.638838083000053 ], [ -126.101503338999976, 39.589842585000042 ], [ -126.00989902799995, 39.540746752000075 ], [ -125.918380206999984, 39.491550644000029 ], [ -125.826946782, 39.442254322000053 ], [ -125.735598655999979, 39.392857848000062 ], [ -125.644335733999981, 39.343361280000067 ], [ -125.553157917999954, 39.293764679000049 ], [ -125.462065109999969, 39.244068106000043 ], [ -125.384765500999947, 39.201773418000073 ], [ -125.371057209999947, 39.194271622000031 ], [ -125.280134116999989, 39.144375287000059 ], [ -125.189295729999969, 39.094379161000063 ], [ -125.098541946999944, 39.044283305000079 ], [ -125.007872661999954, 38.99408777900004 ], [ -124.917287772999941, 38.94379264500003 ], [ -124.826787175, 38.893397962000051 ], [ -124.736370757999964, 38.842903792000072 ], [ -124.646038416999943, 38.792310194000038 ], [ -124.555790044, 38.741617230000031 ], [ -124.465625526999986, 38.690824960000043 ], [ -124.375544756999943, 38.639933444000064 ], [ -124.285547620999978, 38.588942744000065 ], [ -124.195634008999946, 38.537852920000034 ], [ -124.105803805, 38.486664032000078 ], [ -124.016056895999952, 38.435376141000063 ], [ -123.926393165999968, 38.383989309000071 ], [ -123.836812497999972, 38.332503595000048 ], [ -123.747314775999939, 38.280919061000077 ], [ -123.657899879999945, 38.229235766000045 ], [ -123.568567690999942, 38.177453773000025 ], [ -123.47931809, 38.125573140000029 ], [ -122.773377059999973, 37.711922798000046 ] ], [ [ 179.90389136400006, 50.553261531000032 ], [ 179.999988541000107, 50.558613238000078 ] ], [ [ 143.309489427000017, 41.70177697500003 ], [ 144.096975592000035, 42.066732694000052 ], [ 144.213536844000032, 42.119887819000041 ], [ 144.330262221000112, 42.172910623000064 ], [ 144.447151978000079, 42.225800793000076 ], [ 144.564206367000111, 42.278558020000048 ], [ 144.681425639000054, 42.33118199200004 ], [ 144.798810043000117, 42.383672396000065 ], [ 144.916359821000015, 42.436028922000048 ], [ 145.034075217, 42.488251258000048 ], [ 145.151956473000041, 42.540339092000067 ], [ 145.270003825000117, 42.592292113000042 ], [ 145.388217508000025, 42.644110010000077 ], [ 145.50659775500003, 42.695792471000061 ], [ 145.625144797000075, 42.747339183000065 ], [ 145.743858862000025, 42.798749837000059 ], [ 145.862740171000041, 42.850024119000068 ], [ 145.981788952000102, 42.901161718000026 ], [ 146.101005420000092, 42.952162323000039 ], [ 146.220389793000095, 43.003025622000052 ], [ 146.339942287000099, 43.05375130300007 ], [ 146.459663111000054, 43.104339054000036 ], [ 146.579552476000117, 43.154788565000047 ], [ 146.699610585000073, 43.205099523000058 ], [ 146.81983764600011, 43.255271616000073 ], [ 146.940233854000098, 43.305304533000026 ], [ 147.060799411000062, 43.355197962000034 ], [ 147.181534509000016, 43.404951591000042 ], [ 147.302439341000081, 43.454565109000043 ], [ 147.423514096000076, 43.504038202000061 ], [ 147.544758959000092, 43.553370562000055 ], [ 147.666174116000093, 43.602561875000049 ], [ 147.787759745000017, 43.651611828000057 ], [ 147.909516023000037, 43.700520112000049 ], [ 148.031443126000113, 43.74928641300005 ], [ 148.153541223000047, 43.797910422000029 ], [ 148.27581048400009, 43.846391824000079 ], [ 148.398251074000086, 43.894730308000078 ], [ 148.520863156000019, 43.942925565000053 ], [ 148.643646887000045, 43.990977279000049 ], [ 148.766602425000087, 44.038885141000037 ], [ 148.889729921000026, 44.086648839000077 ], [ 149.013029526000082, 44.134268061000057 ], [ 149.136501387000067, 44.181742495000037 ], [ 149.26014564500008, 44.229071829000077 ], [ 149.383962443000087, 44.276255752000054 ], [ 149.507951916000025, 44.323293952000029 ], [ 149.632114198000068, 44.37018611600007 ], [ 149.75644942200006, 44.416931935000036 ], [ 149.880957711000065, 44.463531095000064 ], [ 150.005639190000011, 44.509983285000033 ], [ 150.130493983000065, 44.556288194000047 ], [ 150.255522202000066, 44.602445509000063 ], [ 150.380723964000026, 44.648454921000052 ], [ 150.506099378000044, 44.69431611400006 ], [ 150.631648552000115, 44.740028780000046 ], [ 150.757371589000059, 44.785592607000069 ], [ 150.883268590000057, 44.831007281000041 ], [ 151.009339650000015, 44.876272493000045 ], [ 151.135584863000076, 44.921387930000037 ], [ 151.262004318000095, 44.966353282000057 ], [ 151.388690909000047, 45.011195805000057 ], [ 151.515833453000027, 45.055971554000052 ], [ 151.643154268000103, 45.100597888000038 ], [ 151.770653326000115, 45.145074474000069 ], [ 151.898330593000082, 45.189400981000063 ], [ 152.026186033000045, 45.233577078000053 ], [ 152.154219604000104, 45.277602431000048 ], [ 152.282431267000106, 45.321476712000049 ], [ 152.410820973000114, 45.365199587000063 ], [ 152.539388674000065, 45.408770725000068 ], [ 152.668134316000078, 45.452189794000049 ], [ 152.79705784600003, 45.495456463000039 ], [ 152.926159204000101, 45.538570400000026 ], [ 153.055438328000037, 45.581531274000042 ], [ 153.184895150000102, 45.624338754000064 ], [ 153.314529605000075, 45.666992508000078 ], [ 153.444341618000067, 45.70949220500006 ], [ 153.574331116000053, 45.751837514000044 ], [ 153.704498018000095, 45.794028102000027 ], [ 153.834842244000015, 45.836063639000031 ], [ 153.965363706000062, 45.877943795000078 ], [ 154.096062318000122, 45.919668237000053 ], [ 154.226937985000063, 45.961236634000045 ], [ 154.357990614000073, 46.002648657000066 ], [ 154.489220104000083, 46.043903973000056 ], [ 154.620626353000034, 46.085002251000049 ], [ 154.752209254000036, 46.125943162000056 ], [ 154.883968700000082, 46.166726373000074 ], [ 155.015904577000015, 46.207351555000059 ], [ 155.148016767000058, 46.247818376000055 ], [ 155.280305151000107, 46.288126505000037 ], [ 155.412769607000087, 46.328275613000073 ], [ 155.545410006000111, 46.368265368000039 ], [ 155.678226218000077, 46.408095440000068 ], [ 155.811218110000027, 46.44776549900007 ], [ 155.944385542000077, 46.487275216000057 ], [ 156.077728374000117, 46.526624257000037 ], [ 156.211246462000076, 46.565812294000068 ], [ 156.344939656000065, 46.604838997000058 ], [ 156.478807804000098, 46.643704036000031 ], [ 156.612850750000121, 46.682407080000075 ], [ 156.747068336000098, 46.720947799000044 ], [ 156.881460398000058, 46.759325864000061 ], [ 157.016026768000074, 46.797540946000026 ], [ 157.150767277000114, 46.83559271300004 ], [ 157.285681751000084, 46.873480837000045 ], [ 157.420770010000069, 46.911204988000065 ], [ 157.556031875000031, 46.948764836000066 ], [ 157.691467159000013, 46.986160052000059 ], [ 157.827075672000092, 47.023390308000046 ], [ 157.962857223000015, 47.060455273000059 ], [ 158.098811614000056, 47.097354618000054 ], [ 158.234938645000057, 47.134088014000042 ], [ 158.371238111000025, 47.170655133000025 ], [ 158.507709805000104, 47.207055645000025 ], [ 158.644353515000034, 47.243289222000044 ], [ 158.781169024000064, 47.279355535000036 ], [ 158.918156113000123, 47.31525425600006 ], [ 159.055314559000067, 47.35098505600007 ], [ 159.192644133000044, 47.386547606000079 ], [ 159.3301446050001, 47.421941579000077 ], [ 159.467815741000095, 47.457166645000029 ], [ 159.605657300000075, 47.492222478000031 ], [ 159.743669041000089, 47.527108748000046 ], [ 159.881850714000052, 47.561825129000056 ], [ 160.020202071000085, 47.596371292000072 ], [ 160.158722857000043, 47.630746910000028 ], [ 160.297412813000051, 47.664951655000038 ], [ 160.436271675000057, 47.698985200000038 ], [ 160.575299179000012, 47.732847217000028 ], [ 160.714495051000085, 47.766537381000035 ], [ 160.853859021000062, 47.800055361000034 ], [ 160.993390807000083, 47.833400833000042 ], [ 161.133090128000049, 47.866573470000048 ], [ 161.272956695000062, 47.899572944000056 ], [ 161.412990221000086, 47.932398930000033 ], [ 161.55319041000007, 47.96505109900005 ], [ 161.693556962000116, 47.997529127000064 ], [ 161.834089575000121, 48.029832687000066 ], [ 161.974787944000013, 48.061961454000027 ], [ 162.115651757000023, 48.093915099000071 ], [ 162.256680698000082, 48.12569330000008 ], [ 162.397874451000121, 48.157295728000065 ], [ 162.539232689000073, 48.188722061000078 ], [ 162.680755089000058, 48.219971970000074 ], [ 162.822441317000084, 48.251045131000069 ], [ 162.964291038000056, 48.281941220000078 ], [ 163.106303915000012, 48.312659911000026 ], [ 163.248479602000089, 48.343200878000061 ], [ 163.390817753000078, 48.373563799000067 ], [ 163.533318015000077, 48.403748348000079 ], [ 163.675980033000087, 48.433754200000067 ], [ 163.81880344700005, 48.463581032000036 ], [ 163.961787892000075, 48.493228520000059 ], [ 164.104933002000053, 48.52269633800006 ], [ 164.248238401000094, 48.551984163000043 ], [ 164.391703715000062, 48.581091674000049 ], [ 164.535328563000121, 48.61001854400007 ], [ 164.679112560000021, 48.638764451000043 ], [ 164.823055316000023, 48.667329073000076 ], [ 164.967156439000064, 48.695712085000025 ], [ 165.111415532000024, 48.723913166000045 ], [ 165.255832192000071, 48.751931991000049 ], [ 165.400406013000065, 48.779768241000056 ], [ 165.545136587000115, 48.807421590000047 ], [ 165.690023498000073, 48.834891719000041 ], [ 165.835066329000028, 48.862178304000054 ], [ 165.980264657000021, 48.88928102300008 ], [ 166.125618055000018, 48.916199555000048 ], [ 166.271126093000021, 48.942933579000055 ], [ 166.416788335000092, 48.969482774000028 ], [ 166.56260434100011, 48.995846818000075 ], [ 166.708573669000089, 49.022025391000057 ], [ 166.854695871000104, 49.048018170000034 ], [ 167.000970496000036, 49.073824838000064 ], [ 167.14739708500008, 49.099445071000048 ], [ 167.293975180000075, 49.12487855300003 ], [ 167.440704317000041, 49.150124959000038 ], [ 167.587584025000069, 49.175183974000049 ], [ 167.734613833000026, 49.200055275000068 ], [ 167.881793262000087, 49.224738544000047 ], [ 168.029121832000101, 49.249233463000053 ], [ 168.176599058000079, 49.273539711000069 ], [ 168.324224449000099, 49.297656970000048 ], [ 168.471997511000041, 49.321584922000056 ], [ 168.619917747000045, 49.345323246000078 ], [ 168.767984653000099, 49.368871628000079 ], [ 168.916197724000085, 49.392229747000044 ], [ 169.064556448000076, 49.415397287000076 ], [ 169.213060311000049, 49.438373929000079 ], [ 169.361708792000059, 49.461159355000063 ], [ 169.510501370000043, 49.483753251000053 ], [ 169.659437517000015, 49.506155297000078 ], [ 169.808516700000041, 49.528365178000058 ], [ 169.957738384000095, 49.55038257700005 ], [ 170.107102029000089, 49.572207178000042 ], [ 170.256607090000102, 49.593838665000078 ], [ 170.406253020000122, 49.615276722000033 ], [ 170.556039264000106, 49.636521033000065 ], [ 170.705965266000021, 49.657571284000028 ], [ 170.856030468000085, 49.678427158000034 ], [ 171.006234301000063, 49.699088342000039 ], [ 171.156576197000049, 49.719554520000031 ], [ 171.307055584000068, 49.739825378000035 ], [ 171.457671884000092, 49.759900603000062 ], [ 171.608424513000045, 49.779779879000046 ], [ 171.759312889000057, 49.799462893000054 ], [ 171.910336418000043, 49.818949332000045 ], [ 172.061494509000113, 49.838238882000041 ], [ 172.212786563000122, 49.857331232000035 ], [ 172.364211979000061, 49.876226067000061 ], [ 172.515770147000012, 49.894923076000055 ], [ 172.667460462000122, 49.913421946000028 ], [ 172.819282305000115, 49.931722365000041 ], [ 172.971235059000037, 49.94982402100004 ], [ 173.123318102000098, 49.967726604000063 ], [ 173.27553080600012, 49.985429801000066 ], [ 173.42784898900004, 50.002943103000064 ], [ 173.580180269000039, 50.020304645000067 ], [ 173.732641085000068, 50.037465599000029 ], [ 173.885230826000111, 50.054425640000034 ], [ 174.037948873000119, 50.07118444300005 ], [ 174.190794603000086, 50.087741683000047 ], [ 174.34376738900005, 50.104097036000041 ], [ 174.4968665990001, 50.120250179000038 ], [ 174.65009159400006, 50.136200790000032 ], [ 174.803441735000092, 50.151948544000049 ], [ 174.956916371000034, 50.167493121000064 ], [ 175.11051485400003, 50.182834197000034 ], [ 175.264236524000012, 50.197971451000058 ], [ 175.418080721000024, 50.212904563000052 ], [ 175.572046779000061, 50.227633212000057 ], [ 175.726134025000079, 50.242157078000048 ], [ 175.880341786000031, 50.256475840000064 ], [ 176.034669380000082, 50.270589179000069 ], [ 176.189116120000108, 50.284496776000026 ], [ 176.343681316000016, 50.298198314000047 ], [ 176.498364277000064, 50.311693474000037 ], [ 176.653164299000082, 50.324981938000064 ], [ 176.808080680000103, 50.338063390000059 ], [ 176.963112710000019, 50.35093751200003 ], [ 177.118259677000083, 50.363603989000069 ], [ 177.273520863000044, 50.376062503000071 ], [ 177.428895544000056, 50.38831274100005 ], [ 177.584382992000087, 50.400354388000039 ], [ 177.739982478000115, 50.412187129000074 ], [ 177.895693263000112, 50.423810649000075 ], [ 178.051514608000048, 50.435224636000044 ], [ 178.207445767000081, 50.446428775000072 ], [ 178.363485990000072, 50.457422757000074 ], [ 178.519634522000047, 50.468206267000028 ], [ 178.675890606000053, 50.478778994000038 ], [ 178.832253478000098, 50.48914062800003 ], [ 178.988722371000108, 50.499290858000052 ], [ 179.145296513000062, 50.50922937200005 ], [ 179.301975127000105, 50.518955862000041 ], [ 179.458757434000063, 50.528470020000043 ], [ 179.903876147000119, 50.553246878000039 ] ], [ [ -122.77364933399997, 37.711936927000067 ], [ -125.39787963699996, 38.645560910000029 ], [ -125.384765500999947, 39.201773418000073 ], [ -124.940408942999966, 48.471482682000044 ] ], [ [ -9.485459454999955, 36.598842687000058 ], [ -9.841327928999931, 36.782280670000034 ], [ -9.974097784999969, 36.850139802000058 ], [ -10.107100696999964, 36.917853637000064 ], [ -10.240337264999937, 36.985421476000056 ], [ -10.373808083999961, 37.052842620000035 ], [ -10.507513746999962, 37.120116370000062 ], [ -10.641454851999981, 37.18724202900006 ], [ -10.775631990999955, 37.254218896000054 ], [ -10.910045759999946, 37.321046273000036 ], [ -11.044696748999968, 37.387723460000075 ], [ -11.179585552999981, 37.454249760000039 ], [ -11.314712759999964, 37.520624472000065 ], [ -11.450078962999953, 37.586846897000044 ], [ -11.585684749999928, 37.652916336000033 ], [ -11.721530709999968, 37.718832089000045 ], [ -11.857617428999959, 37.784593457000028 ], [ -11.993945494999934, 37.85019974100004 ], [ -12.130515489999937, 37.915650240000048 ], [ -12.267328000999953, 37.980944256000043 ], [ -12.404383606999943, 38.046081087000061 ], [ -12.541682890999937, 38.111060035000037 ], [ -12.67922643199995, 38.17588039900005 ], [ -12.817014806999964, 38.240541479000058 ], [ -12.955048593999948, 38.305042576000062 ], [ -13.09332836599998, 38.36938298900003 ], [ -13.23185469699996, 38.433562018000032 ], [ -13.370628158999978, 38.49757896300008 ], [ -13.509649319999937, 38.561433123000029 ], [ -13.648918748999961, 38.625123798000061 ], [ -13.788437011999974, 38.688650288000076 ], [ -13.871903832999976, 38.72648803800007 ], [ -13.928204669999957, 38.752011892000041 ], [ -14.068222287999959, 38.815207910000026 ], [ -14.208490424999979, 38.878237639000076 ], [ -14.349009635999948, 38.941100381000069 ], [ -14.489780478999933, 39.003795436000075 ], [ -14.63080350599995, 39.066322099000047 ], [ -14.772079266999981, 39.128679673000079 ], [ -14.913608309999972, 39.190867455000046 ], [ -15.055391182999927, 39.252884745000074 ], [ -15.197428425999931, 39.314730842000074 ], [ -15.339720580999938, 39.37640504500007 ], [ -15.482268185999942, 39.437906651000048 ], [ -15.625071774999981, 39.499234960000081 ], [ -15.768131880999931, 39.560389272000066 ], [ -15.91144903299994, 39.621368884000049 ], [ -16.055023757999948, 39.682173095000053 ], [ -16.198856578999937, 39.742801204000045 ], [ -16.342948016999969, 39.80325250900006 ], [ -16.487298587999931, 39.863526309000065 ], [ -16.631908806999945, 39.923621902000036 ], [ -16.776779184999953, 39.983538586000066 ], [ -16.921523443999945, 40.043382045000044 ], [ -17.066372843999943, 40.103088228000047 ], [ -17.211473463999937, 40.16261641300008 ], [ -17.356825938999975, 40.221965868000041 ], [ -17.502430906999962, 40.281135858000027 ], [ -17.648288993999927, 40.340125648000026 ], [ -17.794400832999941, 40.398934504000067 ], [ -17.940767044999973, 40.45756169100008 ], [ -18.087388252999972, 40.516006474000051 ], [ -18.23426507399995, 40.574268117000031 ], [ -18.381398119999972, 40.632345886000053 ], [ -18.528788004999967, 40.690239044000066 ], [ -18.676435329999947, 40.747946858000034 ], [ -18.824340700999983, 40.805468591000079 ], [ -18.972504715999946, 40.862803507000081 ], [ -19.046683899999948, 40.891400679000071 ], [ -19.120927968999979, 40.919950871000026 ], [ -19.19523699299998, 40.948453991000065 ], [ -19.269611048999934, 40.976909947000024 ], [ -19.344050207999942, 41.005318646000035 ], [ -19.418554542999971, 41.033679998000025 ], [ -19.493124127999977, 41.061993910000069 ], [ -19.567759033999948, 41.090260289000071 ], [ -19.642459332999977, 41.118479045000072 ], [ -19.717225098999961, 41.146650084000044 ], [ -19.792056399999979, 41.174773316000028 ], [ -19.86695330799995, 41.202848647000053 ], [ -19.941915896999944, 41.230875985000068 ], [ -20.016944232999947, 41.258855241000049 ], [ -20.092038391999949, 41.286786318000054 ], [ -20.167198437999957, 41.314669128000048 ], [ -20.242424445999973, 41.342503577000059 ], [ -20.317716480999934, 41.370289574000026 ], [ -20.393074614999932, 41.398027026000079 ], [ -20.468498916999977, 41.425715841000056 ], [ -20.543989452999938, 41.453355928000065 ], [ -20.619546294999964, 41.480947193000077 ], [ -20.695169506999946, 41.508489546000078 ], [ -20.770859159999929, 41.535982893000039 ], [ -20.846615318999966, 41.563427144000059 ], [ -20.922438051999961, 41.590822205000052 ], [ -20.998327425999946, 41.618167984000024 ], [ -21.074283506999961, 41.645464390000029 ], [ -21.150306360999934, 41.672711330000027 ], [ -21.226396053999963, 41.69990871300007 ], [ -21.302552649999939, 41.727056445000073 ], [ -21.378776216999938, 41.754154436000078 ], [ -21.455066816999931, 41.781202591000067 ], [ -21.531424515999959, 41.808200821000071 ], [ -21.60784937699998, 41.835149032000061 ], [ -21.684341462999953, 41.862047132000043 ], [ -21.760900839999977, 41.888895030000072 ], [ -21.837527567999928, 41.915692633000049 ], [ -21.914221712999961, 41.94243984700006 ], [ -21.990983333999964, 41.969136583000079 ], [ -22.067812494999941, 41.995782748000067 ], [ -22.144709257999978, 42.022378249000042 ], [ -22.22167368199996, 42.048922993000076 ], [ -22.29870582999996, 42.075416889000053 ], [ -22.37580576199997, 42.101859846000025 ], [ -22.452973535999945, 42.128251770000077 ], [ -22.530209215999946, 42.154592569000044 ], [ -22.60751285799995, 42.180882151000048 ], [ -22.684884522999937, 42.207120425000028 ], [ -22.762324268999976, 42.233307297000067 ], [ -22.839832152999975, 42.259442676000049 ], [ -22.917408233999936, 42.285526468000057 ], [ -22.995052571999963, 42.311558583000078 ], [ -23.072765219999951, 42.337538928000072 ], [ -23.150546235999968, 42.363467410000055 ], [ -23.22839567799997, 42.389343939000071 ], [ -23.306313599999953, 42.415168420000043 ], [ -23.384300058999941, 42.440940761000036 ], [ -23.46235510899993, 42.46666087300008 ], [ -23.540478805999953, 42.492328660000055 ], [ -23.618671203999952, 42.517944032000059 ], [ -23.69693235699998, 42.543506895000064 ], [ -23.775262316999942, 42.569017159000055 ], [ -23.85366113799995, 42.594474730000059 ], [ -23.932128874999933, 42.619879517000072 ], [ -24.010665575999951, 42.645231427000056 ], [ -24.089271295999936, 42.670530368000072 ], [ -24.167946085999972, 42.695776247000026 ], [ -24.246689996999976, 42.720968972000037 ], [ -24.32550307899993, 42.746108452000044 ], [ -24.40438538199993, 42.771194594000065 ], [ -24.483336956999949, 42.796227306000048 ], [ -24.56235785299998, 42.82120649400008 ], [ -24.641448118999961, 42.846132068000031 ], [ -24.720607800999971, 42.871003936000079 ], [ -24.799836948999939, 42.895822003000035 ], [ -24.87913561199997, 42.920586179000054 ], [ -24.958503833999941, 42.945296370000051 ], [ -25.03794166299997, 42.969952486000068 ], [ -25.117449145999956, 42.994554434000065 ], [ -25.197026327999936, 43.01910212100006 ], [ -25.276673253999945, 43.043595456000048 ], [ -25.356389968999963, 43.068034344000068 ], [ -25.436176517999968, 43.092418696000038 ], [ -25.516032942999971, 43.116748418000043 ], [ -25.595959289999939, 43.141023418000032 ], [ -25.675955599999952, 43.165243604000068 ], [ -25.756021916999941, 43.189408883000056 ], [ -25.836158280999939, 43.213519164000047 ], [ -25.916364735999935, 43.23757435400006 ], [ -25.99664132099997, 43.261574361000044 ], [ -26.076988076999953, 43.285519092000072 ], [ -26.157405044999962, 43.309408455000039 ], [ -26.237892261999946, 43.333242359000053 ], [ -26.318449770999962, 43.357020710000029 ], [ -26.39907760799997, 43.380743417000076 ], [ -26.479775810999968, 43.404410387000041 ], [ -26.560544417999949, 43.428021529000034 ], [ -26.641383466999969, 43.451576748000036 ], [ -26.72229299299994, 43.475075955000079 ], [ -26.803273033999972, 43.498519056000077 ], [ -26.884323622999943, 43.521905959000037 ], [ -26.965444797999965, 43.545236572000078 ], [ -27.04663659199997, 43.568510802000048 ], [ -27.127899037999953, 43.591728558000057 ], [ -27.209232171999929, 43.614889746000074 ], [ -27.290636024999969, 43.63799427500004 ], [ -27.372110628999963, 43.661042053000074 ], [ -27.453656016999958, 43.684032989000059 ], [ -27.535272220999957, 43.706966987000044 ], [ -27.616959270999928, 43.729843957000071 ], [ -27.698717196999951, 43.752663808000079 ], [ -27.780546030999972, 43.775426445000051 ], [ -27.862445799999932, 43.798131777000037 ], [ -27.944416530999945, 43.820779713000036 ], [ -28.026458255999955, 43.843370161000053 ], [ -28.108571001999962, 43.86590302500008 ], [ -28.190754793999929, 43.888378216000035 ], [ -28.273009658999968, 43.910795642000039 ], [ -28.355335623999963, 43.933155210000052 ], [ -28.437732712999946, 43.955456828000081 ], [ -28.520200953999961, 43.977700403000028 ], [ -28.602740366999967, 43.999885842000026 ], [ -28.685350979999953, 44.022013055000059 ], [ -28.768032810999955, 44.044081950000077 ], [ -28.850785887999962, 44.066092433000051 ], [ -28.933610228999953, 44.088044412000045 ], [ -29.01650585699997, 44.109937796000054 ], [ -29.099472792999961, 44.131772492000039 ], [ -29.182511055999953, 44.153548408000063 ], [ -29.26562066799994, 44.175265452000076 ], [ -29.34880164599997, 44.196923532000028 ], [ -29.432054009999945, 44.21852255500005 ], [ -29.515377774999934, 44.240062429000034 ], [ -29.598772963999977, 44.261543062000044 ], [ -29.68223958699997, 44.282964363000076 ], [ -29.765777664999973, 44.304326238000044 ], [ -29.849387210999964, 44.325628598000037 ], [ -29.933068241999933, 44.346871346000057 ], [ -30.016820770999971, 44.368054394000069 ], [ -30.100644810999938, 44.389177647000054 ], [ -30.184540375999973, 44.410241015000054 ], [ -30.268507478999936, 44.431244405000029 ], [ -30.35254613099994, 44.452187726000034 ], [ -30.436656343999971, 44.473070883000048 ], [ -30.520838126999934, 44.493893787000047 ], [ -30.605091492999975, 44.514656344000059 ], [ -30.689416446999928, 44.535358464000069 ], [ -30.77381300299993, 44.556000052000059 ], [ -30.858281165999983, 44.576581019000059 ], [ -30.942820943999948, 44.597101270000053 ], [ -31.027432343999976, 44.617560714000035 ], [ -31.112115371999948, 44.637959260000059 ], [ -31.196870034999961, 44.658296815000028 ], [ -31.281696334999936, 44.678573287000063 ], [ -31.36659427799998, 44.698788585000045 ], [ -31.451563868999983, 44.718942614000071 ], [ -31.536605108999936, 44.739035286000046 ], [ -31.621718000999977, 44.759066506000067 ], [ -31.706902548999949, 44.779036182000027 ], [ -31.792158750999931, 44.798944224000081 ], [ -31.87748660699998, 44.818790539000076 ], [ -31.962886117999972, 44.838575035000076 ], [ -32.048357284999952, 44.858297619000041 ], [ -32.133900102999974, 44.877958201000069 ], [ -32.219514572999969, 44.897556687000076 ], [ -32.305200688999946, 44.917092987000046 ], [ -32.390958449999971, 44.936567007000065 ], [ -32.476787849999937, 44.95597865700006 ], [ -32.562688883999954, 44.975327843000059 ], [ -32.64866154799995, 44.994614475000049 ], [ -32.73493603299994, 45.013872640000045 ], [ -32.821372406999956, 45.033081529000071 ], [ -32.907881327999974, 45.052227796000068 ], [ -32.994462762999945, 45.071311346000073 ], [ -33.081116670999961, 45.090332082000032 ], [ -33.16784301499996, 45.109289908000051 ], [ -33.254641755999955, 45.128184730000044 ], [ -33.341512853999973, 45.14701645100007 ], [ -33.428456265999955, 45.165784977000044 ], [ -33.515471955999942, 45.184490211000025 ], [ -33.602559876999976, 45.203132058000051 ], [ -33.689719991999937, 45.221710421000068 ], [ -33.776952254999969, 45.240225207000037 ], [ -33.86425662299996, 45.258676318000028 ], [ -33.951633053999956, 45.277063661000057 ], [ -34.039081500999941, 45.295387137000034 ], [ -34.126601918999938, 45.313646654000081 ], [ -34.214194262999968, 45.33184211400004 ], [ -34.301858486999947, 45.349973422000062 ], [ -34.389594541999941, 45.368040484000062 ], [ -34.477402382999969, 45.386043203000042 ], [ -34.565281958999947, 45.403981484000042 ], [ -34.653233221999983, 45.421855232000041 ], [ -34.74125612399996, 45.439664350000044 ], [ -34.829350610999938, 45.457408746000056 ], [ -34.917516636999949, 45.475088321000044 ], [ -35.005754146999948, 45.492702981000036 ], [ -35.094063089999963, 45.510252630000025 ], [ -35.18244341299993, 45.527737175000027 ], [ -35.270895063999944, 45.545156517000066 ], [ -35.359417985999983, 45.562510564000036 ], [ -35.44801212699997, 45.579799219000051 ], [ -35.536677429999941, 45.597022387000038 ], [ -35.625413838999975, 45.614179974000081 ], [ -35.714221299999963, 45.631271882000078 ], [ -35.803099752999969, 45.648298018000048 ], [ -35.892049139999983, 45.665258286000039 ], [ -35.981069405999961, 45.682152591000033 ], [ -36.070160486999953, 45.698980837000079 ], [ -36.159322325999938, 45.715742931000079 ], [ -36.248554860999946, 45.732438776000038 ], [ -36.337858032999975, 45.749068277000049 ], [ -36.427231778999953, 45.765631340000027 ], [ -36.516676033999943, 45.782127869000078 ], [ -36.606190739999931, 45.79855776900007 ], [ -36.695775827999967, 45.81492094500004 ], [ -36.785431236999955, 45.831217302000027 ], [ -36.875156900999968, 45.84744674500007 ], [ -36.964952754999956, 45.863609178000047 ], [ -37.054818728999976, 45.879704509000078 ], [ -37.144754758999966, 45.895732640000062 ], [ -37.234760777999952, 45.911693477000028 ], [ -37.324836714999947, 45.927586925000071 ], [ -37.41498250199993, 45.943412890000047 ], [ -37.50519806799997, 45.959171277000053 ], [ -37.59548334599998, 45.974861989000033 ], [ -37.685838261999947, 45.990484934000051 ], [ -37.866756717999976, 46.021527139000057 ], [ -38.047952858999963, 46.052297134000071 ], [ -38.229426086999979, 46.082794161000038 ], [ -38.411175799999967, 46.113017462000073 ], [ -38.593201378999936, 46.142966279000063 ], [ -38.775502199999949, 46.172639857000036 ], [ -38.958077623999941, 46.202037438000048 ], [ -39.140927000999966, 46.231158266000079 ], [ -39.324049671999944, 46.260001587000033 ], [ -39.50744496599998, 46.288566643000081 ], [ -39.691112197999985, 46.316852681000057 ], [ -39.87505067799998, 46.344858944000066 ], [ -40.05925969599997, 46.372584682000081 ], [ -40.243738538999935, 46.400029136000057 ], [ -40.428486477999968, 46.427191557000071 ], [ -40.613502773999983, 46.454071188000057 ], [ -40.798786675999963, 46.48066728100008 ], [ -40.984337421999953, 46.506979080000065 ], [ -41.170154237999952, 46.53300583500004 ], [ -41.356236340999942, 46.558746794000058 ], [ -41.54258293099997, 46.584201207000035 ], [ -41.729193202999966, 46.609368323000069 ], [ -41.916066333999936, 46.634247392000077 ], [ -42.103201494999951, 46.658837664000032 ], [ -42.290597840999965, 46.683138392000046 ], [ -42.47825452099994, 46.707148825000047 ], [ -42.666170662999946, 46.730868216000033 ], [ -42.854345393999949, 46.75429581800006 ], [ -43.042777819999969, 46.777430882000033 ], [ -43.231467041999963, 46.800272664000033 ], [ -43.420412144999943, 46.82282041600007 ], [ -43.609612204999962, 46.845073392000074 ], [ -43.799066282999945, 46.867030849000059 ], [ -43.988773432999949, 46.88869204100007 ], [ -44.178732690999936, 46.910056224000073 ], [ -44.368943085999945, 46.931122655000081 ], [ -44.559403632999931, 46.951890589000072 ], [ -44.75011333599997, 46.972359287000074 ], [ -44.941071186999977, 46.992528005000054 ], [ -45.132276162999972, 47.01239600100007 ], [ -45.323727235999968, 47.031962536000037 ], [ -45.515423357999964, 47.051226868000072 ], [ -45.707363473999976, 47.070188259000076 ], [ -45.89954651599993, 47.088845969000033 ], [ -46.091971403999935, 47.107199260000073 ], [ -46.284637045999943, 47.125247392000063 ], [ -46.477542337999978, 47.142989631000034 ], [ -46.670686161999981, 47.160425239000062 ], [ -46.864067391999981, 47.177553479000039 ], [ -47.057684885999947, 47.194373617000053 ], [ -47.251537492999944, 47.210884916000055 ], [ -47.445624048999946, 47.227086644000053 ], [ -47.639943377999941, 47.242978066000035 ], [ -47.834494289999952, 47.258558450000066 ], [ -48.029275585999983, 47.273827063000056 ], [ -48.224286053999947, 47.288783174000059 ], [ -48.419524467999963, 47.303426051000031 ], [ -48.61498959499994, 47.317754964000073 ], [ -48.810680182999931, 47.331769183000063 ], [ -49.006594972999949, 47.34546798100007 ], [ -49.202732693999963, 47.358850627000038 ], [ -49.399092060999976, 47.371916395000028 ], [ -49.59567177699995, 47.384664557000065 ], [ -49.79247053499995, 47.397094389000074 ], [ -49.989487013999963, 47.409205163000081 ], [ -50.186719880999931, 47.420996154000079 ], [ -50.38416779399995, 47.432466641000076 ], [ -50.421047158999954, 47.43454693800004 ], [ -50.581829398999957, 47.443615897000029 ], [ -50.779703321999932, 47.45444320200005 ], [ -50.977788187999977, 47.464947833000053 ], [ -51.176082605999966, 47.475129067000069 ], [ -51.374585169999932, 47.48498618800005 ], [ -51.573294464999947, 47.494518473000028 ], [ -51.772209065999959, 47.503725204000034 ], [ -51.971327533999954, 47.512605663000045 ], [ -52.170648416999938, 47.521159132000037 ], [ -52.370170252999969, 47.529384896000067 ], [ -52.869987227999957, 47.547563660000037 ] ], [ [ -120.646797680999953, 34.196890752000058 ], [ -120.646828058999972, 34.196907484000064 ], [ -121.442845187999978, 34.634881409000059 ], [ -121.538610526999946, 34.687123972000052 ], [ -121.634450457999947, 34.739261984000052 ], [ -121.730365132999964, 34.791295378000029 ], [ -121.82635470699995, 34.843224086000077 ], [ -121.922419330999958, 34.895048042000042 ], [ -122.01855915699997, 34.946767181000041 ], [ -122.114774333999947, 34.998381434000066 ], [ -122.211130060999949, 35.049972140000079 ], [ -122.307564277999973, 35.101461986000061 ], [ -122.404075014999989, 35.152848280000057 ], [ -122.500662395999939, 35.204130945000031 ], [ -122.597326541999962, 35.255309904000057 ], [ -122.694067573999973, 35.306385078000062 ], [ -122.790885611999954, 35.357356393000032 ], [ -122.887780776999989, 35.408223771000053 ], [ -122.984753183999942, 35.45898713400004 ], [ -123.081802950999986, 35.50964640400008 ], [ -123.178930193999975, 35.560201507000045 ], [ -123.276135027999942, 35.610652364000032 ], [ -123.373417564999954, 35.66099889700007 ], [ -123.470777917999953, 35.711241032000032 ], [ -123.568216197999959, 35.761378689000026 ], [ -123.665732516, 35.811411793000048 ], [ -123.763326978999942, 35.86134026600007 ], [ -123.860999696999954, 35.911164031000055 ], [ -123.958750774999942, 35.960883011000078 ], [ -124.056580320999956, 36.010497130000033 ], [ -124.154488436999941, 36.060006311000052 ], [ -124.252475227, 36.10941047600005 ], [ -124.350540793, 36.158709549000037 ], [ -124.448685238999985, 36.207903452000039 ], [ -124.546908659999986, 36.256992109000066 ], [ -124.645211158999984, 36.305975443000079 ], [ -124.743592832, 36.35485337800003 ], [ -124.842053774999954, 36.403625835000071 ], [ -124.940594084999987, 36.45229273800004 ], [ -125.039213854999957, 36.500854012000048 ], [ -125.137913177999962, 36.549309579000067 ], [ -125.236692145999939, 36.597659361000069 ], [ -125.335550851, 36.645903282000063 ], [ -125.434489381999981, 36.694041265000067 ], [ -125.533507825999948, 36.742073235000078 ], [ -125.632606272999965, 36.789999113000079 ], [ -125.73178480699994, 36.837818824000067 ], [ -125.831043512999941, 36.885532289000025 ], [ -125.930382476999966, 36.933139434000054 ], [ -126.029801779999957, 36.980640179000034 ], [ -126.129301502999965, 37.028034450000064 ], [ -126.228881726999987, 37.075322171000039 ], [ -126.328542530999982, 37.122503263000056 ], [ -126.42828399299998, 37.169577650000065 ], [ -126.528106188999971, 37.216545256000074 ], [ -126.628009196999983, 37.263406004000046 ], [ -126.727993089, 37.310159817000056 ], [ -126.828057937999972, 37.356806619000054 ], [ -126.928203817999986, 37.403346333000059 ], [ -127.028430798999977, 37.449778882000032 ], [ -127.128738948999967, 37.496104192000075 ], [ -127.229128337999953, 37.542322182000078 ], [ -127.329599033999955, 37.588432780000062 ], [ -127.430151100999979, 37.634435906000078 ], [ -127.530784604999951, 37.680331485000067 ], [ -127.631499608999945, 37.726119441000037 ], [ -127.732296175999977, 37.771799696000073 ], [ -127.833174367999959, 37.81737217500006 ], [ -127.934134240999981, 37.862836802000061 ], [ -128.035175859999981, 37.90819349800006 ], [ -128.136299275999988, 37.953442189000043 ], [ -128.237504549999983, 37.99858279700004 ], [ -128.338791735999962, 38.043615246000059 ], [ -128.440160887, 38.088539461000039 ], [ -128.541612054999973, 38.133355364000067 ], [ -128.643145293999964, 38.178062879000038 ], [ -128.744760650999979, 38.222661930000072 ], [ -128.846458177999978, 38.267152440000075 ], [ -128.94823791999994, 38.311534333000054 ], [ -129.050099924999984, 38.355807533000075 ], [ -129.152044238999963, 38.399971965000077 ], [ -129.254070903999946, 38.444027549000054 ], [ -129.356179963999978, 38.48797421200004 ], [ -129.458371459999967, 38.531811877000052 ], [ -129.560645431999944, 38.575540468000042 ], [ -129.663001918999953, 38.619159907000039 ], [ -129.765440959999978, 38.66267011900004 ], [ -129.86796259, 38.706071029000043 ], [ -129.97056684599994, 38.749362559000076 ], [ -130.073253758999954, 38.79254463400008 ], [ -130.176023365999981, 38.835617176000028 ], [ -130.278875693999964, 38.878580112000066 ], [ -130.381810775999952, 38.921433363000062 ], [ -130.484828639999989, 38.964176855000062 ], [ -130.58792931399995, 39.006810511000026 ], [ -130.691112823999958, 39.04933425400003 ], [ -130.794379195999966, 39.091748009000071 ], [ -130.897728452999957, 39.134051700000043 ], [ -131.001160616999982, 39.176245251000068 ], [ -131.10467571099997, 39.218328585000052 ], [ -131.208273753999947, 39.260301628000036 ], [ -131.31195476399995, 39.302164301000062 ], [ -131.415718761, 39.343916531000048 ], [ -131.519565758999988, 39.38555824000008 ], [ -131.623495772999945, 39.427089354000032 ], [ -131.727508816999944, 39.468509795000045 ], [ -131.83160490299997, 39.509819489000051 ], [ -131.935784043999945, 39.551018359000068 ], [ -132.040046246999964, 39.592106329000046 ], [ -132.144391520999989, 39.633083323000051 ], [ -132.248819874999981, 39.673949266000079 ], [ -132.353331312999956, 39.714704083000072 ], [ -132.457925840999962, 39.755347696000058 ], [ -132.562603460999981, 39.795880029000045 ], [ -132.667364174999989, 39.836301009000067 ], [ -132.772207983999976, 39.876610559000028 ], [ -132.877134887999944, 39.91680860200006 ], [ -132.982144883999979, 39.956895063000047 ], [ -133.087237968999943, 39.996869866000054 ], [ -133.192372731999967, 40.036823120000065 ], [ -133.297586992, 40.07667346900007 ], [ -133.402884280999956, 40.116413201000057 ], [ -133.508264609999969, 40.156042229000036 ], [ -133.613727983999979, 40.19556046200006 ], [ -133.719274410999958, 40.234967813000026 ], [ -133.824903893999988, 40.274264194000068 ], [ -133.930616438999948, 40.313449515000059 ], [ -134.036412045999953, 40.352523689000066 ], [ -134.142290716, 40.391486626000074 ], [ -134.24825244799996, 40.430338239000037 ], [ -134.35429724, 40.469078439000043 ], [ -134.460425085999987, 40.507707138000058 ], [ -134.566635984999948, 40.546224247000055 ], [ -134.672929926, 40.584629680000035 ], [ -134.779306903999952, 40.62292334600005 ], [ -134.885766908, 40.661105159000044 ], [ -134.992309926999951, 40.69917502900006 ], [ -135.098935948999952, 40.737132870000039 ], [ -135.205644958, 40.774978592000025 ], [ -135.312436941999977, 40.812712109000074 ], [ -135.419311880999942, 40.850333331000058 ], [ -135.52626976, 40.887842172000035 ], [ -135.633310556999959, 40.925238543000034 ], [ -135.740434249999964, 40.962522357000068 ], [ -135.847640816999956, 40.999693525000055 ], [ -135.954930236, 41.03675196100005 ], [ -136.062302478, 41.073697576000029 ], [ -136.27729532799998, 41.147249993000059 ], [ -136.492619132999948, 41.220350076000045 ], [ -136.708273632999976, 41.292997126000046 ], [ -136.92425855, 41.365190441000038 ], [ -137.140573577999987, 41.436929324000062 ], [ -137.357218386999989, 41.50821307800004 ], [ -137.574192628, 41.579041004000032 ], [ -137.791495921999967, 41.649412407000057 ], [ -138.009127872999954, 41.719326588000058 ], [ -138.227088053999978, 41.788782856000068 ], [ -138.445376020999959, 41.85778051300008 ], [ -138.663991301999943, 41.926318866000031 ], [ -138.882933402, 41.994397223000078 ], [ -139.102201805, 42.062014891000047 ], [ -139.321795966999957, 42.129171178000036 ], [ -139.54171532099997, 42.195865395000055 ], [ -139.761959279999985, 42.262096848000056 ], [ -139.982527227999981, 42.327864852000062 ], [ -140.203418528999975, 42.393168715000058 ], [ -140.424632519999989, 42.458007751000025 ], [ -140.646168516999978, 42.522381271000029 ], [ -140.86802580899996, 42.586288591000027 ], [ -141.090203665, 42.649729025000056 ], [ -141.312701326999957, 42.712701886000048 ], [ -141.535518014, 42.775206492000052 ], [ -141.758652919999975, 42.837242160000073 ], [ -141.982105218999948, 42.898808206000069 ], [ -142.20587405699996, 42.959903950000069 ], [ -142.429958556999964, 43.020528710000065 ], [ -142.654357820999962, 43.08068180600003 ], [ -142.879070921999983, 43.140362561000074 ], [ -143.104096914999957, 43.199570294000068 ], [ -143.329434825999954, 43.258304328000065 ], [ -143.555083662999948, 43.316563988000041 ], [ -143.781042402999958, 43.374348597000051 ], [ -144.007310007999962, 43.43165747900008 ], [ -144.233885407999963, 43.488489962000074 ], [ -144.460767516999965, 43.544845372000054 ], [ -144.687955216999967, 43.600723035000044 ], [ -144.915447374999957, 43.65612228100008 ], [ -145.143242827999956, 43.711042440000028 ], [ -145.371340394999976, 43.76548284100005 ], [ -145.599738866999957, 43.819442816000048 ], [ -145.828437013999974, 43.872921696000049 ], [ -146.057433582999977, 43.925918815000045 ], [ -146.286727295999981, 43.978433506000044 ], [ -146.516316854999957, 44.030465104000029 ], [ -146.746200934999962, 44.082012945000031 ], [ -146.976378190999981, 44.133076366000068 ], [ -147.206847253999968, 44.183654703000059 ], [ -147.437606732999967, 44.233747297000036 ], [ -147.668655211999976, 44.283353484000031 ], [ -147.899991255999964, 44.332472607000057 ], [ -148.13161340299996, 44.381104006000044 ], [ -148.363520169999958, 44.429247023000073 ], [ -148.595710055999973, 44.476901004000069 ], [ -148.828181530999984, 44.524065289000077 ], [ -149.060933045999974, 44.570739226000057 ], [ -149.293963029999958, 44.616922161000048 ], [ -149.527269889999957, 44.66261344000003 ], [ -149.760852009999979, 44.707812411000077 ], [ -149.994707751999982, 44.752518424000073 ], [ -150.228835457999963, 44.796730830000058 ], [ -150.463233446999965, 44.840448977000051 ], [ -150.697900017999984, 44.88367222100004 ], [ -150.932833445999961, 44.926399912000079 ], [ -151.168031986999978, 44.968631405000053 ], [ -151.40349181299996, 45.010391643000048 ], [ -151.639205231999966, 45.051731653000047 ], [ -151.875175568999964, 45.092573959000049 ], [ -152.111400980999974, 45.132917858000042 ], [ -152.347879605999964, 45.172762648000059 ], [ -152.584609569999969, 45.212107628000069 ], [ -152.821588974999969, 45.250952100000063 ], [ -153.058815909999964, 45.289295367000079 ], [ -153.296288447999984, 45.327136734000078 ], [ -153.534004641999957, 45.364475507000066 ], [ -153.771962531999975, 45.401310994000028 ], [ -154.010160137999975, 45.437642506000032 ], [ -154.248595465999983, 45.473469354000031 ], [ -154.48726650499998, 45.508790851000072 ], [ -154.726171228999959, 45.543606313000055 ], [ -154.965307594999985, 45.577915056000052 ], [ -155.204673544999963, 45.611716401000081 ], [ -155.444267000999957, 45.645009665000032 ], [ -155.684085876999973, 45.677794174000041 ], [ -155.92412806599998, 45.710069249000071 ], [ -156.164391448999964, 45.741834217000076 ], [ -156.40487388699998, 45.773088408000035 ], [ -156.645573232999965, 45.803831148000029 ], [ -156.886487319999958, 45.834061771000052 ], [ -157.127613968999981, 45.863779609000062 ], [ -157.368950984999969, 45.892983998000034 ], [ -157.610496156999972, 45.921674275000044 ], [ -157.852247266999967, 45.949849778000043 ], [ -158.094202072999963, 45.977509849000057 ], [ -158.33635832799996, 46.004653830000052 ], [ -158.578713763999957, 46.031281066000076 ], [ -158.821266107999975, 46.057390904000044 ], [ -159.064013064999983, 46.08298269200003 ], [ -159.30695233199998, 46.108055781000076 ], [ -159.550081592999959, 46.132609522000052 ], [ -159.793398514999978, 46.156643271000064 ], [ -160.036900758999963, 46.180156383000053 ], [ -160.280585968999958, 46.203148218000081 ], [ -160.524451775999978, 46.225618135000047 ], [ -160.768495803999969, 46.24756549600005 ], [ -161.012715659999969, 46.268989667000028 ], [ -161.257108942999963, 46.289890013000047 ], [ -161.501673236999977, 46.310265904000062 ], [ -161.746406118999971, 46.330116708000048 ], [ -161.991305150999978, 46.349441799000033 ], [ -162.236367887999961, 46.368240551000042 ], [ -162.481591870999978, 46.386512341000071 ], [ -162.726974632999969, 46.404256548000035 ], [ -162.972513694999975, 46.421472552000068 ], [ -163.21820656899996, 46.438159736000046 ], [ -163.341109905999986, 46.446304829000042 ], [ -163.464050758999974, 46.454317485000047 ], [ -163.587028811999971, 46.462197631000038 ], [ -163.710043753999969, 46.469945187000064 ], [ -163.833095268999983, 46.477560079000057 ], [ -163.956183040999974, 46.485042230000033 ], [ -164.079306754999976, 46.492391564000059 ], [ -164.20246609199998, 46.499608005000027 ], [ -164.325660737999982, 46.50669147800005 ], [ -164.448890373999973, 46.513641907000078 ], [ -164.572154679999983, 46.520459216000063 ], [ -164.695453340999961, 46.527143331000048 ], [ -164.81878603499996, 46.533694174000061 ], [ -164.94215244199998, 46.540111673000069 ], [ -165.065552244999964, 46.54639575200008 ], [ -165.188985119999984, 46.552546336000034 ], [ -165.312450745999968, 46.558563350000043 ], [ -165.435948802999974, 46.564446719000046 ], [ -165.559478967999979, 46.570196371000065 ], [ -165.683040916999971, 46.575812229000064 ], [ -165.806634328999962, 46.581294220000075 ], [ -165.930258879999968, 46.586642271000073 ], [ -166.05391424299998, 46.591856306000068 ], [ -166.177600097999971, 46.596936253000081 ], [ -166.30131611799996, 46.601882039000031 ], [ -166.425061976999984, 46.606693588000041 ], [ -166.548837349999985, 46.611370828000076 ], [ -166.672641910999971, 46.615913687000045 ], [ -166.796475332999961, 46.620322091000048 ], [ -166.920337288999974, 46.624595967000062 ], [ -167.044227452999962, 46.628735242000062 ], [ -167.168145494999976, 46.632739844000071 ], [ -167.29209108699996, 46.636609701000054 ], [ -167.416063903999969, 46.640344739000057 ], [ -167.540063612999973, 46.643944887000032 ], [ -167.664089887999978, 46.647410074000049 ], [ -167.788142396999973, 46.650740226000039 ], [ -167.912220810999969, 46.653935272000069 ], [ -168.036324798999971, 46.656995141000039 ], [ -168.160454032999979, 46.659919761000026 ], [ -168.284608180999982, 46.662709061000044 ], [ -168.408786910999964, 46.665362969000057 ], [ -168.532989891999961, 46.667881415000068 ], [ -168.657216792999975, 46.67026432800003 ], [ -168.781467280999976, 46.672511637000071 ], [ -168.905741024999969, 46.67462327100003 ], [ -169.030037690999961, 46.67659916000008 ], [ -169.154356946999968, 46.678439233000063 ], [ -169.278698459999958, 46.680143421000025 ], [ -169.403061896999986, 46.681711653000036 ], [ -169.527446924999964, 46.68314386000003 ], [ -169.651853208999967, 46.684439972000064 ], [ -169.776280414999974, 46.685599918000037 ], [ -169.900728209999983, 46.686623630000042 ], [ -170.025196258999983, 46.687511039000071 ], [ -170.149684227999984, 46.688262075000068 ], [ -170.274191781999974, 46.688876668000034 ], [ -170.398718584999983, 46.689354752000042 ], [ -170.523264304999969, 46.689696257000037 ], [ -170.647828603999983, 46.689901113000076 ], [ -170.772411146999985, 46.689969253000072 ], [ -170.897011599999985, 46.689900608000073 ], [ -171.021629625999964, 46.689695111000049 ], [ -171.146264889999969, 46.689352693000046 ], [ -171.270917054999984, 46.688873287000035 ], [ -171.39558578599997, 46.688256824000064 ], [ -171.520270746999984, 46.687503238000033 ], [ -171.64497160199997, 46.686612460000049 ], [ -171.769688013999968, 46.685584425000059 ], [ -171.89441964599996, 46.684419063000064 ], [ -172.019166164999973, 46.683116310000059 ], [ -172.143927229999974, 46.681676097000036 ], [ -172.268702506999972, 46.680098359000056 ], [ -172.393491659999967, 46.678383029000031 ], [ -172.51829435099998, 46.676530040000046 ], [ -172.643110243999985, 46.674539326000058 ], [ -172.767939002999981, 46.672410822000074 ], [ -172.892780288999973, 46.670144461000064 ], [ -173.017633768999985, 46.667740178000031 ], [ -173.14249910199996, 46.665197907000049 ], [ -173.267375955999967, 46.662517583000067 ], [ -173.392263991999982, 46.659699140000043 ], [ -173.517162871999972, 46.65674251300004 ], [ -173.642072263999978, 46.653647638000052 ], [ -173.76699182599998, 46.650414449000039 ], [ -173.891921225999965, 46.64704288300004 ], [ -174.016860124999965, 46.643532874000073 ], [ -174.14180818799997, 46.639884358000074 ], [ -174.266765078999981, 46.63609727100004 ], [ -174.39173046199997, 46.632171549000077 ], [ -174.516704, 46.628107127000078 ], [ -174.641685357999961, 46.623903944000062 ], [ -174.766674198999965, 46.619561934000046 ], [ -174.891670189999985, 46.61508103400007 ], [ -175.016672992999986, 46.610461182000051 ], [ -175.141682272999986, 46.605702312000062 ], [ -175.266697695999966, 46.600804365000045 ], [ -175.391718925999982, 46.595767275000071 ], [ -175.516745628999985, 46.590590981000048 ], [ -175.641777469999965, 46.585275420000073 ], [ -175.76681411499996, 46.579820530000063 ], [ -175.891855228999987, 46.574226249000048 ], [ -176.016900476999979, 46.56849251400007 ], [ -176.14194952699998, 46.56261926500008 ], [ -176.26700204499997, 46.556606438000074 ], [ -176.392057695999966, 46.550453972000071 ], [ -176.517116149999964, 46.544161808000069 ], [ -176.642177069999974, 46.537729882000065 ], [ -176.76724012699998, 46.531158134000066 ], [ -176.89230498699996, 46.524446503000036 ], [ -177.01737131799996, 46.51759492900004 ], [ -177.142438787999964, 46.510603350000054 ], [ -177.267507064999961, 46.503471706000028 ], [ -177.392575819999962, 46.496199938000075 ], [ -177.517644719999964, 46.488787985000045 ], [ -177.642713434999962, 46.48123578600007 ], [ -177.767781633999959, 46.473543284000073 ], [ -177.892848987999969, 46.465710415000046 ], [ -178.017915166999984, 46.457737124000062 ], [ -178.142979843999967, 46.449623351000071 ], [ -178.268042685999973, 46.441369034000047 ], [ -178.393103365999963, 46.432974116000025 ], [ -178.518161556999985, 46.424438538000061 ], [ -178.643216932999962, 46.415762242000028 ], [ -178.768269160999978, 46.40694516800005 ], [ -178.893317919999987, 46.397987259000047 ], [ -179.018362878999966, 46.388888456000075 ], [ -179.143403715999966, 46.379648702000054 ], [ -179.268440101999971, 46.37026793900003 ], [ -179.393471712999968, 46.360746108000058 ], [ -179.518498223999984, 46.351083152000058 ], [ -179.643519309999988, 46.341279015000055 ], [ -179.768534648999974, 46.331333637000057 ], [ -179.89354391699996, 46.321246964000068 ], [ -179.999988540999965, 46.312117709000063 ] ], [ [ -63.710610409999958, 44.493427416000031 ], [ -53.734741657999962, 46.531424734000041 ], [ -53.377619152999955, 46.604087010000057 ], [ -53.298720980999974, 46.629999164000026 ] ], [ [ 179.999988541000107, 46.312115743000049 ], [ 179.925652432000106, 46.30574028400008 ] ], [ [ 179.925649676000035, 46.305754711000077 ], [ 178.97730472100011, 46.224546198000041 ], [ 178.805908171000056, 46.208883417000038 ], [ 178.634642953000025, 46.19296520000006 ], [ 178.463509971000121, 46.176791972000046 ], [ 178.292510120000088, 46.160364154000035 ], [ 178.121644295000124, 46.14368217100008 ], [ 177.950913380000088, 46.126746449000052 ], [ 177.780318258000079, 46.109557410000036 ], [ 177.609859803000063, 46.092115482000054 ], [ 177.439538888000016, 46.074421090000044 ], [ 177.269356375000029, 46.056474661000038 ], [ 177.099313128000063, 46.038276619000044 ], [ 176.929409997000107, 46.01982739400006 ], [ 176.75964783400002, 46.001127411000027 ], [ 176.590027482000096, 45.982177100000058 ], [ 176.420549778000122, 45.962976888000071 ], [ 176.251215556000034, 45.943527204000077 ], [ 176.082025642000076, 45.923828477000029 ], [ 175.912980858000083, 45.903881138000031 ], [ 175.744082021000054, 45.883685614000058 ], [ 175.575329939000085, 45.863242338000077 ], [ 175.406725421000033, 45.842551739000044 ], [ 175.238269261000028, 45.821614250000039 ], [ 175.069962259000022, 45.800430301000063 ], [ 174.901805198000034, 45.779000323000048 ], [ 174.73379886400005, 45.757324750000066 ], [ 174.565944032000061, 45.735404014000039 ], [ 174.398241474000088, 45.713238548000049 ], [ 174.23069195700009, 45.690828785000065 ], [ 174.063296239000124, 45.668175160000033 ], [ 173.896055075000049, 45.645278105000045 ], [ 173.72896921600011, 45.62213805500005 ], [ 173.562039402000096, 45.598755448000077 ], [ 173.395266371000048, 45.575130715000057 ], [ 173.228650855000069, 45.551264293000031 ], [ 173.062193580000098, 45.527156618000049 ], [ 172.895895267000014, 45.502808127000037 ], [ 172.729756630000111, 45.478219256000045 ], [ 172.563778377000062, 45.453390442000057 ], [ 172.397961210000062, 45.428322121000065 ], [ 172.232305828000108, 45.403014732000031 ], [ 172.066812923000043, 45.377468714000031 ], [ 171.901483179000024, 45.351684503000058 ], [ 171.736317276000023, 45.325662538000074 ], [ 171.571315890000051, 45.29940325900003 ], [ 171.406479686000011, 45.272907106000048 ], [ 171.241809330000024, 45.246174515000064 ], [ 171.077305477000095, 45.219205930000044 ], [ 170.912968778000049, 45.192001788000027 ], [ 170.748799879000103, 45.164562533000037 ], [ 170.584799417000113, 45.136888603000045 ], [ 170.420968029000051, 45.10898043900005 ], [ 170.257306340000014, 45.080838484000026 ], [ 170.093814973000121, 45.052463180000075 ], [ 169.930494544000112, 45.023854967000034 ], [ 169.767373940000084, 44.995026526000061 ], [ 169.604561736000051, 44.966024694000055 ], [ 169.44192294000004, 44.936791 ], [ 169.279458085000101, 44.907325865000075 ], [ 169.117167699000106, 44.877629712000044 ], [ 168.955052300000034, 44.847702962000028 ], [ 168.79311240200002, 44.817546040000025 ], [ 168.631348512000045, 44.787159366000026 ], [ 168.469761127000083, 44.756543366000074 ], [ 168.308350741000027, 44.725698461000036 ], [ 168.147117839000089, 44.694625076000079 ], [ 167.986062900000093, 44.663323632000072 ], [ 167.825186397000039, 44.631794555000056 ], [ 167.664488793000032, 44.600038269000038 ], [ 167.503970548000098, 44.568055197000035 ], [ 167.343632114000116, 44.535845763000054 ], [ 167.183473934000062, 44.503410392000035 ], [ 167.02349644700007, 44.470749509000029 ], [ 166.863700086000108, 44.437863536000066 ], [ 166.704085273000032, 44.404752901000052 ], [ 166.544652428000063, 44.371418027000061 ], [ 166.385401959000092, 44.337859341000069 ], [ 166.226334274000124, 44.304077266000036 ], [ 166.067449767000085, 44.270072230000039 ], [ 165.908748831000025, 44.23584465600004 ], [ 165.750231850000091, 44.20139497200006 ], [ 165.591899200000057, 44.166723602000047 ], [ 165.433751253000082, 44.131830973000035 ], [ 165.275788373000069, 44.096717511000065 ], [ 165.118010916000117, 44.061383643000056 ], [ 164.960419234000028, 44.02582979500005 ], [ 164.803013671000031, 43.990056392000042 ], [ 164.645794563000095, 43.954063863000044 ], [ 164.488762242000121, 43.917852634000042 ], [ 164.331917032000092, 43.881423132000066 ], [ 164.175259250000067, 43.844775785000081 ], [ 164.018789207000054, 43.807911018000027 ], [ 163.862507208000011, 43.770829260000028 ], [ 163.706413550000093, 43.733530939000048 ], [ 163.550508523000076, 43.696016482000061 ], [ 163.394792415000097, 43.658286317000034 ], [ 163.239265501000091, 43.620340871000053 ], [ 163.083928055000115, 43.582180573000073 ], [ 162.928780341000106, 43.543805850000069 ], [ 162.773822617000064, 43.505217132000041 ], [ 162.619055136000043, 43.466414846000077 ], [ 162.464478144000054, 43.427399421000075 ], [ 162.310091880000073, 43.388171286000045 ], [ 162.155896578000011, 43.348730868000075 ], [ 162.001892463000104, 43.309078599000031 ], [ 161.848079755000072, 43.26921490400008 ], [ 161.694458669000028, 43.229140215000029 ], [ 161.541029413000047, 43.188854960000072 ], [ 161.38779218600007, 43.148359568000046 ], [ 161.23474718500006, 43.107654470000057 ], [ 161.081894598000076, 43.066740093000078 ], [ 160.929234606000023, 43.025616868000043 ], [ 160.776767387000064, 42.984285225000065 ], [ 160.624493110000117, 42.942745593000041 ], [ 160.47241193800005, 42.900998402000027 ], [ 160.320524030000115, 42.859044082000025 ], [ 160.1688295350001, 42.816883063000034 ], [ 160.017328600000042, 42.774515775000054 ], [ 159.866021363000073, 42.731942649000075 ], [ 159.714907959000016, 42.68916411400005 ], [ 159.563988512000037, 42.646180601000026 ], [ 159.413263145000087, 42.602992540000059 ], [ 159.262731972000097, 42.559600363000072 ], [ 159.112395100000072, 42.516004500000065 ], [ 158.962252635000027, 42.472205381000038 ], [ 158.812304671000106, 42.428203437000036 ], [ 158.662551301000121, 42.38399909900005 ], [ 158.512992609000094, 42.339592799000059 ], [ 158.363628674000097, 42.294984966000072 ], [ 158.214459569000041, 42.25017603200007 ], [ 158.065485361000015, 42.20516642900003 ], [ 157.916706112000043, 42.159956588000057 ], [ 157.768121878000102, 42.114546940000025 ], [ 157.619732708000015, 42.068937916000039 ], [ 157.471538647000102, 42.023129948000076 ], [ 157.323539733000075, 41.977123467000069 ], [ 157.17573599800005, 41.930918904000066 ], [ 157.028127470000072, 41.88451669300008 ], [ 156.880714171000022, 41.837917263000065 ], [ 156.733496115000094, 41.791121047000047 ], [ 156.586473313000056, 41.744128477000061 ], [ 156.439645770000084, 41.696939986000075 ], [ 156.293013484000085, 41.649556003000043 ], [ 156.146576449000122, 41.601976962000037 ], [ 156.000334654000085, 41.554203295000036 ], [ 155.854288079000071, 41.506235434000075 ], [ 155.708436703000075, 41.45807381000003 ], [ 155.562780498000052, 41.409718855000051 ], [ 155.417319428000042, 41.361171004000028 ], [ 155.272053456000094, 41.312430688000063 ], [ 155.126982537000117, 41.263498337000044 ], [ 154.982106621000071, 41.214374386000031 ], [ 154.837425653000082, 41.165059267000061 ], [ 154.692939573000103, 41.115553411000064 ], [ 154.548648314000047, 41.065857253000047 ], [ 154.404551807000075, 41.015971223000065 ], [ 154.260649976000082, 40.965895755000076 ], [ 154.116942738000034, 40.91563128100006 ], [ 153.973430010000015, 40.865178234000041 ], [ 153.83011169700012, 40.814537046000055 ], [ 153.686987706000082, 40.76370815100006 ], [ 153.54405793400008, 40.712691980000045 ], [ 153.401322274000108, 40.661488967000025 ], [ 153.25878061700007, 40.610099544000036 ], [ 153.116432844000087, 40.558524145000035 ], [ 152.974278835000064, 40.506763202000059 ], [ 152.832318464000082, 40.454817146000039 ], [ 152.690551600000049, 40.402686414000073 ], [ 152.54897810600005, 40.350371436000046 ], [ 152.407597844000065, 40.297872645000041 ], [ 152.266410667000059, 40.245190474000026 ], [ 152.125416423000047, 40.192325357000072 ], [ 151.984614961000034, 40.139277726000046 ], [ 151.844006119000028, 40.086048014000028 ], [ 151.703589733000058, 40.032636655000033 ], [ 151.563284697000086, 39.979094812000028 ], [ 151.423047627000074, 39.925449676000028 ], [ 151.283005598000045, 39.871621786000048 ], [ 151.143158500000027, 39.81761154600008 ], [ 151.003506216000119, 39.763419361000047 ], [ 150.86404863000007, 39.709045633000073 ], [ 150.724785617000066, 39.654490767000027 ], [ 150.585717049000095, 39.599755167000069 ], [ 150.446842795000066, 39.544839237000076 ], [ 150.308162716000083, 39.48974338000005 ], [ 150.169676677000098, 39.434468 ], [ 150.031384529000093, 39.379013503000067 ], [ 149.893286125000031, 39.323380290000046 ], [ 149.755381311000065, 39.267568767000057 ], [ 149.617669932000013, 39.211579336000057 ], [ 149.480151825000121, 39.155412403000071 ], [ 149.342826827000067, 39.099068371000044 ], [ 149.205694769000047, 39.042547643000034 ], [ 149.068755476000092, 38.985850625000069 ], [ 148.93200877400011, 38.928977719000045 ], [ 148.795454478000011, 38.871929329000068 ], [ 148.659092407000117, 38.81470586100005 ], [ 148.522922372000039, 38.75730771700006 ], [ 148.386944178000022, 38.699735302000079 ], [ 148.251157631000069, 38.64198901900005 ], [ 148.115562529000044, 38.584069272000079 ], [ 147.980158670000037, 38.525976466000031 ], [ 147.844945846000087, 38.467711003000034 ], [ 147.709923844000059, 38.409273289000055 ], [ 147.575092451000046, 38.35066372700004 ], [ 147.440451446000111, 38.291882720000046 ], [ 147.30600060900008, 38.232930674000045 ], [ 147.171739713000079, 38.173807992000036 ], [ 147.03766852800004, 38.114515077000078 ], [ 146.90378682100004, 38.055052334000038 ], [ 146.770094357000062, 37.995420166000031 ], [ 146.636590894000051, 37.935618978000036 ], [ 146.503276187000097, 37.875649172000067 ], [ 146.370149992000051, 37.815511154000035 ], [ 146.237212056000089, 37.755205326000066 ], [ 146.104462126000044, 37.694732094000074 ], [ 145.971899945000018, 37.634091860000069 ], [ 145.839525251000055, 37.573285029000033 ], [ 145.707337782000081, 37.51231200400008 ], [ 145.575337269000102, 37.451173188000041 ], [ 145.443523442000014, 37.389868987000057 ], [ 145.311896028000092, 37.328399803000025 ], [ 145.180454748000102, 37.266766041000039 ], [ 145.049199324000028, 37.204968104000045 ], [ 144.918129470000054, 37.143006396000033 ], [ 144.787244902000111, 37.080881321000049 ], [ 144.656545327000117, 37.01859328200004 ], [ 144.526030457000047, 36.956142684000042 ], [ 144.395699992000118, 36.893529929000067 ], [ 144.26555363500006, 36.830755422000038 ], [ 144.135591084000112, 36.767819565000025 ], [ 144.005812034000087, 36.704722764000053 ], [ 143.87621617700006, 36.641465422000067 ], [ 143.746803203000013, 36.578047942000069 ], [ 143.617572799000072, 36.514470727000059 ], [ 143.488524646000087, 36.450734182000076 ], [ 143.359658425000021, 36.386838710000063 ], [ 143.230973816000073, 36.322784714000079 ], [ 143.102470493000055, 36.258572598000057 ], [ 142.974148127000035, 36.194202766000046 ], [ 142.846006389000081, 36.129675621000047 ], [ 142.718044945000088, 36.06499156700005 ], [ 142.590263460000074, 36.000151007000056 ], [ 142.4626615950001, 35.935154343000079 ], [ 142.33523900800003, 35.87000198100003 ], [ 142.207995357000073, 35.804694324000025 ], [ 142.080930293000051, 35.739231773000029 ], [ 141.954043468, 35.673614734000068 ], [ 141.827334532, 35.607843610000032 ], [ 141.700803129000064, 35.541918803000044 ], [ 141.574448902000086, 35.47584071700004 ], [ 141.448271495000085, 35.409609755000076 ], [ 141.322270543000059, 35.343226321000031 ], [ 141.196445685000072, 35.276690818000077 ], [ 141.070796554000026, 35.210003648000054 ], [ 140.945322779000094, 35.143165216000057 ], [ 140.820023992000074, 35.07617592400004 ], [ 140.020881908000092, 34.643682882000064 ], [ 140.020705428000042, 34.643587343000036 ] ], [ [ -63.710617807999938, 44.493413085000043 ], [ -71.375218331999974, 31.248404636000032 ], [ -72.726147091999962, 28.101555096000027 ], [ -74.516077117999941, 23.204793788000075 ], [ -74.758054321999964, 21.98656337500006 ], [ -74.053032364999979, 20.173841887000037 ], [ -76.246664615999975, 17.601764727000045 ], [ -79.951615606999951, 9.329488715000025 ], [ -79.951629335999939, 9.329455662000044 ], [ -79.951920832999974, 9.323665513000037 ], [ -79.951629335999939, 9.329455662000044 ], [ -79.951607917999979, 9.329481064000049 ], [ -79.65954398699995, 9.675410696000029 ], [ -68.537087142999951, 17.901432687000067 ], [ -67.920904381999947, 18.284461349000026 ] ], [ [ -179.999988539999976, 43.951111595000043 ], [ -178.83996610799997, 43.989652317000036 ], [ -178.675020379999978, 43.994268183000031 ], [ -178.510110730999969, 43.998638680000056 ], [ -178.345237891999972, 44.002764074000027 ], [ -178.180402594999975, 44.006644632000075 ], [ -178.015605569999963, 44.010280622000039 ], [ -177.85084754899998, 44.01367231100005 ], [ -177.686129263999987, 44.01681996800005 ], [ -177.521451444999968, 44.019723860000056 ], [ -177.356814823999969, 44.022384256000066 ], [ -177.192220133999967, 44.024801425000078 ], [ -177.027668103999986, 44.026975637000078 ], [ -176.863159464999967, 44.028907161000063 ], [ -176.698694947999968, 44.030596266000032 ], [ -176.53427528399996, 44.032043224000063 ], [ -176.369901202999984, 44.03324830300005 ], [ -176.205573432999984, 44.034211775000074 ], [ -176.041292704999961, 44.034933910000063 ], [ -175.877059747999965, 44.035414981000031 ], [ -175.712875289999971, 44.035655258000077 ], [ -175.548740057999964, 44.035655014000042 ], [ -175.384654780999966, 44.035414520000074 ], [ -175.220620182999966, 44.034934049000071 ], [ -175.056636992999984, 44.034213873000056 ], [ -174.892705934999981, 44.033254266000029 ], [ -174.728827732999974, 44.03205550000007 ], [ -174.565003110999982, 44.030617850000056 ], [ -174.401232792999963, 44.028941588000066 ], [ -174.237517499999967, 44.027026989000035 ], [ -174.073857954999966, 44.024874327000077 ], [ -173.910254873999975, 44.02248387800006 ], [ -173.746708981999973, 44.01985591600004 ], [ -173.583220993999987, 44.01699071400003 ], [ -173.419791627999984, 44.013888551000036 ], [ -173.256421598999964, 44.01054970000007 ], [ -173.09311162399996, 44.006974438000043 ], [ -172.929862414999974, 44.00316304200004 ], [ -172.76667468499997, 43.999115787000051 ], [ -172.603549146999967, 43.994832951000035 ], [ -172.440486508999982, 43.990314810000029 ], [ -172.27748748199997, 43.98556164200005 ], [ -172.114552770999978, 43.980573725000056 ], [ -171.951683082999978, 43.975351335000028 ], [ -171.788879122999987, 43.969894751000027 ], [ -171.626141593999961, 43.964204253000048 ], [ -171.463471196999961, 43.958280117000072 ], [ -171.300868632999965, 43.952122623000037 ], [ -171.138334598999961, 43.94573205100005 ], [ -170.975869792999987, 43.939108679000071 ], [ -170.813474910999986, 43.932252787000039 ], [ -170.651150642999966, 43.92516465500006 ], [ -170.488897684999984, 43.917844562000028 ], [ -170.326716725999972, 43.910292791000074 ], [ -170.164608450999964, 43.902509620000046 ], [ -170.002573549999966, 43.89449533100003 ], [ -169.840612706999963, 43.886250205000067 ], [ -169.678726602999973, 43.877774524000074 ], [ -169.516915919999974, 43.869068569000035 ], [ -169.355181334999969, 43.860132621000048 ], [ -169.193523527999986, 43.850966963000076 ], [ -169.031943170999966, 43.841571877000035 ], [ -168.870440937999973, 43.83194764700005 ], [ -168.70901749799998, 43.822094554000046 ], [ -168.547673521999968, 43.812012882000033 ], [ -168.386409673999964, 43.801702913000042 ], [ -168.225226618999983, 43.791164932000072 ], [ -168.06412501899996, 43.780399223000074 ], [ -167.903105530999966, 43.76940606900007 ], [ -167.742168817999982, 43.758185754000067 ], [ -167.581315528999966, 43.746738564000054 ], [ -167.420546320999961, 43.735064781000062 ], [ -167.259861840999974, 43.723164693000058 ], [ -167.099262738999983, 43.71103858400005 ], [ -166.938749659999985, 43.698686738000049 ], [ -166.778323247999964, 43.686109443000078 ], [ -166.617984140999965, 43.673306982000042 ], [ -166.457732977999967, 43.66027964400007 ], [ -166.297570395999969, 43.647027713000057 ], [ -166.137497024999959, 43.633551477000026 ], [ -165.977513496999961, 43.619851222000079 ], [ -165.817620439999985, 43.60592723600007 ], [ -165.657818477999967, 43.591779804000055 ], [ -165.498108233999972, 43.577409216000035 ], [ -165.33849032599997, 43.562815757000067 ], [ -165.178965371999965, 43.547999717000039 ], [ -165.019533985999971, 43.532961384000032 ], [ -164.86019677799996, 43.517701044000034 ], [ -164.700954359999969, 43.502218987000049 ], [ -164.54180733299998, 43.486515502000032 ], [ -164.382756301999962, 43.470590877000063 ], [ -164.223801866999963, 43.454445402000033 ], [ -164.064944622999974, 43.438079365000078 ], [ -163.906185164999982, 43.421493058000067 ], [ -163.747524084999981, 43.404686768000033 ], [ -163.588961970999975, 43.387660786000026 ], [ -163.430499404999978, 43.370415403000038 ], [ -163.272136970999981, 43.352950908000025 ], [ -163.113875247999971, 43.335267591000047 ], [ -162.955714811999968, 43.317365745000075 ], [ -162.797656234999977, 43.299245660000054 ], [ -162.639700084999959, 43.280907626000044 ], [ -162.481846931999968, 43.262351935000027 ], [ -162.324097335999966, 43.24357887900004 ], [ -162.16645185699997, 43.224588749000077 ], [ -162.008911052999963, 43.205381838000051 ], [ -161.851475477999969, 43.185958438000057 ], [ -161.694145679999963, 43.166318840000031 ], [ -161.536922208999982, 43.146463338000046 ], [ -161.379805605999962, 43.126392223000039 ], [ -161.222796412999969, 43.106105789000026 ], [ -161.065895165999962, 43.085604329000034 ], [ -160.909102398999977, 43.064888137000025 ], [ -160.752418641999981, 43.043957504000048 ], [ -160.595844420999981, 43.02281272700003 ], [ -160.439380261999958, 43.001454098000067 ], [ -160.283026683999964, 42.979881910000074 ], [ -160.126784201999982, 42.958096459000046 ], [ -159.970653330999966, 42.936098039000058 ], [ -159.814634579999961, 42.91388694300008 ], [ -159.65872845399997, 42.89146346800004 ], [ -159.502935457999968, 42.868827907000025 ], [ -159.347256087999966, 42.845980556000029 ], [ -159.191690842999975, 42.82292171000006 ], [ -159.036240211999967, 42.799651665000056 ], [ -158.880904682999983, 42.776170716000081 ], [ -158.725684743999977, 42.752479158000028 ], [ -158.570580873999972, 42.728577289000043 ], [ -158.415593550999972, 42.704465403000029 ], [ -158.260723246999959, 42.680143798000074 ], [ -158.105970434999961, 42.655612769000072 ], [ -157.951335579999977, 42.630872615000044 ], [ -157.796819145999962, 42.605923629000074 ], [ -157.642421590999959, 42.580766111000059 ], [ -157.488143370999978, 42.555400357000053 ], [ -157.333984935999979, 42.529826664000041 ], [ -157.179946737999984, 42.504045331000043 ], [ -157.026029216999973, 42.478056654000056 ], [ -156.872232815999979, 42.451860931000056 ], [ -156.718557969999978, 42.425458460000073 ], [ -156.565005113999973, 42.398849540000072 ], [ -156.411574674999969, 42.372034468000038 ], [ -156.258267078999978, 42.34501354300005 ], [ -156.105082746999983, 42.317787063000026 ], [ -155.952022097999958, 42.290355328000032 ], [ -155.799085544999969, 42.262718634000066 ], [ -155.646273497999971, 42.234877284000049 ], [ -155.493586362999963, 42.206831575000081 ], [ -155.341024540999967, 42.178581806000068 ], [ -155.188588432999978, 42.150128277000078 ], [ -155.036278430999971, 42.12147128600003 ], [ -154.884094927999968, 42.092611136000073 ], [ -154.732038308999961, 42.063548125000068 ], [ -154.580108955999975, 42.034282553000025 ], [ -154.428307247999982, 42.00481472000007 ], [ -154.276633561999972, 41.975144927000031 ], [ -154.125088267999985, 41.945273474000032 ], [ -153.973671730999968, 41.915200662000075 ], [ -153.822384316999972, 41.884926792000044 ], [ -153.671226383999965, 41.854452163000076 ], [ -153.520198283999974, 41.823777078000035 ], [ -153.369300372999959, 41.792901838000034 ], [ -153.218532995999965, 41.761826744000075 ], [ -153.067896495999975, 41.730552096000054 ], [ -152.917391211999984, 41.699078198000052 ], [ -152.767017479999964, 41.667405350000081 ], [ -152.616775630999967, 41.635533855000062 ], [ -152.466665990999957, 41.603464014000053 ], [ -152.31668888599998, 41.571196129000043 ], [ -152.166844631999965, 41.538730504000057 ], [ -152.017133544999979, 41.506067438000059 ], [ -151.867555936999963, 41.473207237000054 ], [ -151.718112114999968, 41.440150202000041 ], [ -151.568802381999973, 41.406896635000066 ], [ -151.41962703599998, 41.373446840000042 ], [ -151.270586372999958, 41.339801119000072 ], [ -151.121680683999983, 41.305959777000055 ], [ -150.97291025499996, 41.27192311500005 ], [ -150.824275369999981, 41.23769143700008 ], [ -150.675776306999978, 41.203265047000059 ], [ -150.527413340999971, 41.168644248000078 ], [ -150.379186742999963, 41.133829344000048 ], [ -150.231096778999984, 41.098820638000063 ], [ -150.08314371299997, 41.06361843500008 ], [ -149.935327801999961, 41.028223038000078 ], [ -149.78764929999997, 40.992634753000061 ], [ -149.640108459999965, 40.956853882000075 ], [ -149.49270552699997, 40.920880731000068 ], [ -149.345440742999983, 40.884715603000075 ], [ -149.198314345999961, 40.848358804000043 ], [ -149.051326570999976, 40.811810638000054 ], [ -148.904477648999972, 40.775071408000031 ], [ -148.757767804999958, 40.738141423000059 ], [ -148.611197260999973, 40.701020985000071 ], [ -148.464766233999967, 40.663710399000024 ], [ -148.318474938999969, 40.626209972000026 ], [ -148.172323586999966, 40.588520007000056 ], [ -148.026312382999976, 40.55064081200004 ], [ -147.880441527999977, 40.512572691000059 ], [ -147.734711220999969, 40.474315949000072 ], [ -147.589121654999957, 40.435870893000072 ], [ -147.443673019999977, 40.397237828000073 ], [ -147.29836549999996, 40.358417061000068 ], [ -147.153199278999978, 40.319408896000027 ], [ -147.008174533999977, 40.280213641000046 ], [ -146.863291437999976, 40.240831601000025 ], [ -146.718550159999978, 40.201263084000061 ], [ -146.573950865999961, 40.161508393000076 ], [ -146.429493717999975, 40.121567838000033 ], [ -146.28517887199996, 40.081441723000069 ], [ -146.141006482999956, 40.041130357000043 ], [ -145.996976699999976, 40.000634044000037 ], [ -145.853078734999968, 39.960049670000046 ], [ -145.709322872999962, 39.919281324000053 ], [ -145.565709437999971, 39.87832774900005 ], [ -145.422238580999959, 39.837189230000035 ], [ -145.278910451999963, 39.795866052000065 ], [ -145.135725195999981, 39.754358499000034 ], [ -144.992682954999964, 39.712666855000066 ], [ -144.84978386399996, 39.670791404000056 ], [ -144.707028058999981, 39.62873243100006 ], [ -144.564415670999978, 39.586490222000066 ], [ -144.421946824999964, 39.544065061000026 ], [ -144.279621643999974, 39.501457232000064 ], [ -144.13744024899998, 39.458667019000075 ], [ -143.995402754, 39.415694708000046 ], [ -143.853509272, 39.372540584000035 ], [ -143.711759912, 39.32920493000006 ], [ -143.57015477799996, 39.285688033000042 ], [ -143.428693970999973, 39.241990176000058 ], [ -143.287377589999949, 39.198111646000029 ], [ -143.146205727999984, 39.154052726000032 ], [ -143.00517847499998, 39.109813702000054 ], [ -142.864295917999982, 39.065394858000047 ], [ -142.723558140999955, 39.020796480000058 ], [ -142.582965223999963, 38.976018852000038 ], [ -142.442517240999962, 38.931062260000033 ], [ -142.302214265999964, 38.885926989000041 ], [ -142.16205636899997, 38.840613323000071 ], [ -142.022043613999983, 38.795121549000044 ], [ -141.882176061999985, 38.749451951000026 ], [ -141.742453771999976, 38.703604815000062 ], [ -141.6028768, 38.657580425000049 ], [ -141.463445194999963, 38.61137906700003 ], [ -141.324159007, 38.565001027000051 ], [ -141.185018278999962, 38.518446589000064 ], [ -141.046023050999963, 38.471716039000057 ], [ -140.90717336199998, 38.42480966200003 ], [ -140.768469243999959, 38.377727744000026 ], [ -140.62991072799997, 38.330470570000045 ], [ -140.491497840999955, 38.283038425000029 ], [ -140.353230604999965, 38.235431596000069 ], [ -140.215109042, 38.18765036700006 ], [ -140.077133165999953, 38.139695023000058 ], [ -139.939302990999977, 38.091565852000031 ], [ -139.80161852599997, 38.043263138000043 ], [ -139.664079778999962, 37.994787166000037 ], [ -139.526686750999943, 37.946138223000048 ], [ -139.38943944, 37.897316593000028 ], [ -139.252337843999953, 37.848322564000057 ], [ -139.115381953, 37.799156419000042 ], [ -138.978571758999976, 37.749818445000074 ], [ -138.841907247, 37.700308928000027 ], [ -138.705388396999979, 37.65062815400006 ], [ -138.569015189999959, 37.600776408000058 ], [ -138.432787600999973, 37.550753975000077 ], [ -138.296705602999964, 37.500561143000027 ], [ -138.160769163999987, 37.450198195000041 ], [ -138.024978249999947, 37.399665420000076 ], [ -137.889332822999961, 37.348963102000027 ], [ -137.753832842999941, 37.298091526000064 ], [ -137.618478263999975, 37.247050979000051 ], [ -137.483269039999982, 37.195841748000078 ], [ -137.348205119999989, 37.14446411800003 ], [ -137.213286449999941, 37.092918374000078 ], [ -137.078512970999952, 37.041204803000028 ], [ -136.943884623999963, 36.989323690000049 ], [ -136.809401343, 36.937275324000041 ], [ -136.67506306599995, 36.885059986000044 ], [ -136.540869716999964, 36.832677966000062 ], [ -136.406821225999977, 36.780129549000037 ], [ -136.27291751599995, 36.72741502000008 ], [ -136.139158505999944, 36.674534667000046 ], [ -136.005544113999974, 36.621488774000056 ], [ -135.872074253, 36.568277629000079 ], [ -135.738748834999967, 36.514901517000055 ], [ -135.605567767999958, 36.461360724000031 ], [ -135.472530952999989, 36.40765553600005 ], [ -135.339638294999986, 36.353786240000034 ], [ -135.206889689999969, 36.299753122000027 ], [ -135.074285034999946, 36.245556468000075 ], [ -134.94182422199998, 36.191196563000062 ], [ -134.809507137999958, 36.13667369500007 ], [ -134.67733366899995, 36.081988150000029 ], [ -134.545303700999966, 36.027140214000042 ], [ -134.413417110999944, 35.97213017200005 ], [ -134.28167377699998, 35.916958312000077 ], [ -134.150073572, 35.861624919000064 ], [ -134.018616367999982, 35.806130279000058 ], [ -133.887302031, 35.750474680000025 ], [ -133.756130427999949, 35.694658407000077 ], [ -133.625101418999975, 35.638681747000078 ], [ -133.494214863999957, 35.582544985000027 ], [ -133.363470619999987, 35.526248409000061 ], [ -133.232868536999945, 35.469792304000066 ], [ -133.102408466999975, 35.413176956000029 ], [ -132.97209025799998, 35.356402653000032 ], [ -132.841913751999982, 35.299469681000062 ], [ -132.711878792999983, 35.24237832600005 ], [ -132.581985216999954, 35.185128872000064 ], [ -132.45223286199996, 35.127721609000048 ], [ -132.32262155799998, 35.070156822000058 ], [ -132.193151136999973, 35.012434797000026 ], [ -132.063858893999964, 34.954628451000076 ], [ -131.934717183999965, 34.896683627000073 ], [ -131.805715502999988, 34.838580487000058 ], [ -131.676853635999976, 34.780319300000031 ], [ -131.548131367, 34.721900334000054 ], [ -131.419548476999978, 34.663323858000069 ], [ -131.291104741999959, 34.604590139000038 ], [ -131.162799938999967, 34.545699446000071 ], [ -131.034633836999944, 34.486652048000053 ], [ -130.906606206999982, 34.427448212000058 ], [ -130.778716811999971, 34.368088206000039 ], [ -130.650965417999942, 34.308572301000027 ], [ -130.523351780999974, 34.248900763000051 ], [ -130.395875659999945, 34.189073862000043 ], [ -130.268536808999954, 34.129091864000031 ], [ -130.141334979999954, 34.068955040000048 ], [ -130.014269917999968, 34.008663656000067 ], [ -129.88734137199998, 33.948217982000074 ], [ -129.760549080999965, 33.887618287000066 ], [ -129.633892787999969, 33.826864836000027 ], [ -129.507372226999962, 33.765957901000036 ], [ -129.380987133999952, 33.704897749000054 ], [ -129.25473723999994, 33.643684648000033 ], [ -129.128622271999973, 33.582318867000026 ], [ -129.002641956, 33.520800673000053 ], [ -128.876796016999947, 33.459130336000044 ], [ -128.751084172, 33.397308123000073 ], [ -128.62550614099996, 33.335334303000025 ], [ -128.500061636999988, 33.273209145000067 ], [ -128.374750372999983, 33.210932917000036 ], [ -128.249572057999956, 33.148505885000077 ], [ -128.124526397999944, 33.085928322000029 ], [ -127.999613096999951, 33.023200492000058 ], [ -127.874831856999947, 32.960322666000025 ], [ -127.750182375999941, 32.897295111000062 ], [ -127.625664349999965, 32.834118095000065 ], [ -127.50127747199997, 32.770791889000066 ], [ -127.377021432, 32.707316758000047 ], [ -127.252895919999958, 32.643692972000053 ], [ -127.128900619999968, 32.579920800000025 ], [ -127.005035215999953, 32.516000508000047 ], [ -126.881299387999945, 32.45193236700004 ], [ -126.757692811999959, 32.387716645000069 ], [ -126.634215164999944, 32.323353608000048 ], [ -126.510866121, 32.258843526000078 ], [ -126.387645347999978, 32.194186668000043 ], [ -126.264552513999945, 32.129383302000065 ], [ -126.141587283999968, 32.064433696000037 ], [ -126.018749320999973, 31.999338118000026 ], [ -125.896038285999964, 31.934096835000048 ], [ -125.773453836999977, 31.86871011900007 ], [ -125.650995626999986, 31.803178236000065 ], [ -125.528663312, 31.737501454000039 ], [ -125.406456540999955, 31.671680043000038 ], [ -125.284374960999969, 31.605714270000078 ], [ -125.16241821899996, 31.539604403000055 ], [ -125.040585958999941, 31.47335071200007 ], [ -124.918877818999988, 31.406953465000072 ], [ -124.797293440999965, 31.340412929000024 ], [ -124.675832459999981, 31.273729373000037 ], [ -124.554494509, 31.206903067000042 ], [ -124.433279219999974, 31.139934276000076 ], [ -124.312186222999969, 31.072823271000061 ], [ -124.191215143999955, 31.005570320000061 ], [ -124.070365607999975, 30.938175690000037 ], [ -123.949637237, 30.870639651000033 ], [ -123.829029650999985, 30.802962469000079 ], [ -123.708542468999951, 30.735144416000026 ], [ -123.588175305999982, 30.667185758000073 ], [ -123.467927773999975, 30.599086763000059 ], [ -123.347799486999975, 30.530847699000049 ], [ -123.227790050999943, 30.462468837000074 ], [ -123.107899074999978, 30.393950444000041 ], [ -122.988126161999958, 30.325292787000024 ], [ -122.868470915999978, 30.256496135000077 ], [ -122.748932934999971, 30.187560758000075 ], [ -122.629511818999958, 30.118486922000045 ], [ -122.510207162999961, 30.049274898000078 ], [ -122.390989811999987, 29.979924951000044 ], [ -122.271818613, 29.910437352000031 ], [ -122.152764462999983, 29.840812368000059 ], [ -122.033827000999963, 29.771050269000057 ], [ -121.915005861999987, 29.701151322000044 ], [ -121.796300679999945, 29.631115794000038 ], [ -121.677711087999967, 29.560943956000074 ], [ -121.55923671499994, 29.490636075000054 ], [ -121.44087719099997, 29.420192420000035 ], [ -121.322632140999985, 29.349613259000023 ], [ -121.204501190999963, 29.278898860000027 ], [ -121.086483962999978, 29.208049491000054 ], [ -120.968580079, 29.137065422000035 ], [ -120.850789156999952, 29.065946920000044 ], [ -120.733110815999964, 28.994694254000024 ], [ -120.615544670999952, 28.923307691000048 ], [ -120.498090334999972, 28.851787501000047 ], [ -120.380747420999967, 28.780133952000028 ], [ -120.263515537999979, 28.708347312000058 ], [ -120.146394295, 28.636427849000029 ], [ -120.029383300999939, 28.564375832000053 ], [ -119.912482157999989, 28.492191530000071 ], [ -119.795690468999965, 28.419875209000054 ], [ -119.679007838999951, 28.347427140000036 ], [ -119.562433863999956, 28.274847589000046 ], [ -119.445968145999984, 28.202136826000071 ], [ -119.329610276999972, 28.129295119000062 ], [ -119.213359854999965, 28.056322737000073 ], [ -119.097216471999957, 27.983219947000066 ], [ -118.981179718999954, 27.909987018000038 ], [ -118.865249186999961, 27.836624218000054 ], [ -118.749424461999979, 27.763131815000065 ], [ -118.633705130999942, 27.689510080000048 ], [ -118.518090780999955, 27.615759277000052 ], [ -118.402580992999958, 27.541879678000043 ], [ -118.287175349999984, 27.467871549000051 ], [ -118.171873429999948, 27.393735160000062 ], [ -118.056674812999972, 27.319470780000074 ], [ -117.941579075, 27.245078675000059 ], [ -117.826585793, 27.170559113000024 ], [ -117.711694536999971, 27.09591236600005 ], [ -117.596904882999979, 27.021138699000062 ], [ -117.48221640099996, 26.946238381000057 ], [ -117.367628655999965, 26.871211682000023 ], [ -117.253141220999964, 26.796058869000035 ], [ -117.138753657999985, 26.720780210000044 ], [ -117.024465533999944, 26.645375973000057 ], [ -116.910276410999984, 26.569846429000052 ], [ -116.796185848999983, 26.494191844000056 ], [ -116.682193410999957, 26.418412487000069 ], [ -116.568298651999953, 26.34250862600004 ], [ -116.454501131999962, 26.266480529000034 ], [ -116.340800405999971, 26.19032846500005 ], [ -116.227196027, 26.114052703000027 ], [ -116.113687548999962, 26.03765351100003 ], [ -116.000274521999984, 25.961131156000079 ], [ -115.886956495999982, 25.884485908000045 ], [ -115.773733019999952, 25.80771803500005 ], [ -115.660603641999955, 25.730827804000057 ], [ -115.547567905999983, 25.653815485000052 ], [ -115.434625356999959, 25.576681346000044 ], [ -115.321775536999951, 25.499425655000039 ], [ -115.20901798899996, 25.422048680000046 ], [ -115.096352251999974, 25.344550690000062 ], [ -114.983777864, 25.266931954000029 ], [ -114.871294364999983, 25.189192738000031 ], [ -114.758901289, 25.111333313000046 ], [ -114.646598169999947, 25.033353946000034 ], [ -114.533996653999964, 24.955254905000061 ], [ -114.421207662999961, 24.877036460000056 ], [ -114.308523832, 24.798698877000049 ], [ -114.195944980999968, 24.720242426000027 ], [ -114.083470932999944, 24.641667375000054 ], [ -113.971101505999968, 24.562973993000071 ], [ -113.858836517999976, 24.48416254600005 ], [ -113.746675786999958, 24.405233305000024 ], [ -113.634619130999965, 24.326186537000069 ], [ -113.522666367999989, 24.247022512000058 ], [ -113.41081731099996, 24.167741496000076 ], [ -113.299071776999938, 24.088343758000065 ], [ -113.187429580999947, 24.008829567000078 ], [ -113.075890535999974, 23.929199191000066 ], [ -112.964454455999942, 23.849452899000028 ], [ -112.85312115399995, 23.769590958000038 ], [ -112.741890439999963, 23.689613638000026 ], [ -112.630762127999958, 23.609521206000068 ], [ -112.519736025999975, 23.529313931000047 ], [ -112.408811946999947, 23.448992081000029 ], [ -112.29798969899997, 23.368555924000077 ], [ -112.187269091999951, 23.288005730000066 ], [ -112.076649931999953, 23.20734176600007 ], [ -111.966132029, 23.126564300000041 ], [ -111.855715188999966, 23.045673602000022 ], [ -111.745399218999978, 22.964669938000043 ], [ -111.635183923999989, 22.883553578000033 ], [ -111.525069108999958, 22.802324790000057 ], [ -111.415054581, 22.720983842000066 ], [ -111.305140141999971, 22.639531004000048 ], [ -111.195325594999986, 22.557966542000031 ], [ -111.085610745999986, 22.476290725000069 ], [ -110.975995393999938, 22.394503823000036 ], [ -110.866479340999945, 22.312606102000075 ], [ -110.757062390999977, 22.230597832000058 ], [ -110.647744341999953, 22.14847928000006 ], [ -110.538524996999968, 22.066250715000024 ], [ -110.429404150999972, 21.983912406000059 ], [ -110.320381606999945, 21.901464621000059 ], [ -110.211457161999988, 21.818907628000034 ], [ -110.102630614999953, 21.736241696000036 ], [ -109.99390176199995, 21.653467093000074 ], [ -109.885270399999968, 21.570584086000054 ], [ -109.776736326, 21.487592945000074 ], [ -109.668299334999972, 21.40449393800003 ], [ -109.559959223999954, 21.321287334000033 ], [ -109.451715785999966, 21.237973400000044 ], [ -109.343568815999959, 21.154552405000061 ], [ -109.235518108999941, 21.071024617000035 ], [ -109.127563455999962, 20.987390305000076 ], [ -109.019704651999973, 20.903649737000023 ], [ -108.911941487999968, 20.819803181000054 ], [ -108.804273755999986, 20.735850906000053 ], [ -108.696701247999954, 20.651793180000027 ], [ -108.589223752999942, 20.567630272000031 ], [ -107.800744134999945, 19.947906362000026 ], [ -107.798966862999976, 19.946504531000073 ] ], [ [ 179.9368336980001, 43.949012570000036 ], [ 179.999988541000107, 43.951110834000076 ] ], [ [ 140.020701362000068, 34.643601465000074 ], [ 140.020881908000092, 34.643682882000064 ], [ 141.053323434000049, 35.109016560000043 ], [ 141.184149471000069, 35.167290714000046 ], [ 141.315134859000068, 35.225408929000025 ], [ 141.446279863000086, 35.283370840000032 ], [ 141.577584751000018, 35.341176081000071 ], [ 141.709049785000047, 35.398824288000071 ], [ 141.84067522600003, 35.456315091000079 ], [ 141.972461330000101, 35.513648126000078 ], [ 142.104408353000053, 35.570823028000063 ], [ 142.236516548000054, 35.627839428000073 ], [ 142.368786159000024, 35.684696962000032 ], [ 142.501217436000047, 35.741395262000026 ], [ 142.633810620000077, 35.797933964000038 ], [ 142.766565952000064, 35.854312701000026 ], [ 142.899483667000027, 35.910531106000064 ], [ 143.032563999000104, 35.966588814000033 ], [ 143.165807180000115, 36.022485459000052 ], [ 143.299213437000049, 36.078220672000043 ], [ 143.432782993000046, 36.133794090000038 ], [ 143.566516072000013, 36.189205346000051 ], [ 143.700412891000042, 36.244454073000043 ], [ 143.834473665000019, 36.299539907000053 ], [ 143.968698606000089, 36.354462479000063 ], [ 144.103087924000079, 36.409221423000076 ], [ 144.237641822000114, 36.463816375000079 ], [ 144.372360505000074, 36.518246968000028 ], [ 144.507244170000035, 36.572512834000065 ], [ 144.642293014000074, 36.62661360900006 ], [ 144.777507230000083, 36.680548926000029 ], [ 144.912887005000016, 36.734318418000043 ], [ 145.048432527000045, 36.787921721000032 ], [ 145.184143978000066, 36.841358466000031 ], [ 145.320021536000013, 36.894628290000071 ], [ 145.456065378000062, 36.947730824000075 ], [ 145.59227567400012, 37.000665704000028 ], [ 145.728652597000064, 37.053432561000079 ], [ 145.865196309000112, 37.106031032000033 ], [ 146.001906973000018, 37.158460749000028 ], [ 146.138784748000035, 37.21072134700006 ], [ 146.27582978800001, 37.262812458000042 ], [ 146.413042244000053, 37.31473371900006 ], [ 146.550422265000066, 37.366484760000048 ], [ 146.687969994000014, 37.418065217000049 ], [ 146.825685573000101, 37.469474724000065 ], [ 146.963569137000036, 37.520712915000047 ], [ 147.101620823000076, 37.571779423000066 ], [ 147.239840757000024, 37.622673882000072 ], [ 147.378229066000017, 37.673395927000058 ], [ 147.516785873000117, 37.723945191000041 ], [ 147.6555112960001, 37.774321309000072 ], [ 147.794405452000092, 37.824523912000075 ], [ 147.933468449000088, 37.874552638000068 ], [ 148.072700395000084, 37.924407118000033 ], [ 148.212101395000104, 37.974086987000078 ], [ 148.351671547000024, 38.023591880000026 ], [ 148.491410949000056, 38.072921429000075 ], [ 148.631319692000034, 38.122075270000039 ], [ 148.771397863000061, 38.171053035000057 ], [ 148.911645548000024, 38.219854360000056 ], [ 149.0520628270001, 38.268478877000064 ], [ 149.192649776000053, 38.316926222000063 ], [ 149.333406468000021, 38.365196028000071 ], [ 149.474332971000081, 38.413287930000024 ], [ 149.615429350000113, 38.461201562000042 ], [ 149.756695664000063, 38.508936557000027 ], [ 149.898131972000101, 38.556492549000041 ], [ 150.03973832500003, 38.603869174000067 ], [ 150.181514771000025, 38.651066065000066 ], [ 150.323461356000053, 38.698082857000031 ], [ 150.465578119000043, 38.744919183000036 ], [ 150.607865096000069, 38.791574677000028 ], [ 150.75032232, 38.838048976000039 ], [ 150.892949818000034, 38.884341712000037 ], [ 151.035747614000115, 38.930452519000028 ], [ 151.178715728000043, 38.976381032000063 ], [ 151.321854175000112, 39.022126886000081 ], [ 151.465162965000104, 39.067689715000029 ], [ 151.608642107000037, 39.113069153000026 ], [ 151.752291602000014, 39.158264833000032 ], [ 151.896111448000056, 39.203276392000078 ], [ 152.040101639000113, 39.248103464000053 ], [ 152.184262166000053, 39.292745682000032 ], [ 152.328593014000035, 39.337202683000044 ], [ 152.473094164000031, 39.381474099000059 ], [ 152.617765592000069, 39.425559565000071 ], [ 152.762607271000093, 39.469458717000066 ], [ 152.9076191690001, 39.513171188000058 ], [ 153.052801249000026, 39.556696614000032 ], [ 153.198153471000069, 39.60003462800006 ], [ 153.34367579000002, 39.64318486600007 ], [ 153.48936815400009, 39.686146963000056 ], [ 153.635230511000032, 39.72892055300008 ], [ 153.781262802000015, 39.771505270000034 ], [ 153.927464962000045, 39.813900751000062 ], [ 154.073836926000013, 39.856106628000077 ], [ 154.22037862000002, 39.898122539000042 ], [ 154.367089968000073, 39.939948116000039 ], [ 154.513970886000038, 39.981582995000053 ], [ 154.660936075000109, 40.023083190000079 ], [ 154.808001774000104, 40.06443788200005 ], [ 154.955235680000101, 40.105601967000041 ], [ 155.102637744000049, 40.146575056000074 ], [ 155.250207914000043, 40.187356761000046 ], [ 155.397946131000026, 40.227946692000046 ], [ 155.545852330000116, 40.268344461000027 ], [ 155.693926443000123, 40.308549679000066 ], [ 155.842168396000034, 40.348561959000051 ], [ 155.990578112000094, 40.38838091100007 ], [ 156.139155506000066, 40.428006149000055 ], [ 156.287900489000094, 40.467437282000049 ], [ 156.436812970000119, 40.506673923000051 ], [ 156.585892847000082, 40.545715686000051 ], [ 156.735140016000059, 40.584562180000034 ], [ 156.884554371000036, 40.623213019000048 ], [ 157.034135794000122, 40.661667815000044 ], [ 157.183884169000066, 40.699926180000034 ], [ 157.333799369000076, 40.737987726000028 ], [ 157.483881265000036, 40.775852067000073 ], [ 157.634129724000104, 40.813518815000066 ], [ 157.784544602000096, 40.850987583000062 ], [ 157.935125757000037, 40.888257982000027 ], [ 158.085873037000056, 40.925329627000053 ], [ 158.236786287000086, 40.962202131000026 ], [ 158.387865346000012, 40.998875106000071 ], [ 158.539110047000122, 41.035348165000073 ], [ 158.690520218000074, 41.071620922000079 ], [ 158.842095683000025, 41.107692992000068 ], [ 158.99383626000008, 41.143563985000071 ], [ 159.145741760000078, 41.179233518000046 ], [ 159.297811992000106, 41.214701203000061 ], [ 159.45004675600012, 41.249966655000037 ], [ 159.602445850000095, 41.285029486000042 ], [ 159.755009065000081, 41.319889312000043 ], [ 159.90773618500009, 41.354545746000042 ], [ 160.060626991000049, 41.388998405000052 ], [ 160.213681259000055, 41.423246898000059 ], [ 160.366898759000037, 41.457290845000045 ], [ 160.520279252000023, 41.491129859000068 ], [ 160.673822499000039, 41.524763553000071 ], [ 160.827528254000072, 41.558191544000067 ], [ 160.981396262000089, 41.591413446000047 ], [ 161.13542626800006, 41.624428874000046 ], [ 161.289618007000058, 41.657237444000032 ], [ 161.443971211000076, 41.689838770000051 ], [ 161.598485606000054, 41.722232470000051 ], [ 161.753160912000112, 41.754418158000078 ], [ 161.907996845000071, 41.786395450000043 ], [ 162.062993113000061, 41.818163962000028 ], [ 162.21814942200001, 41.849723310000059 ], [ 162.373465468000063, 41.881073110000045 ], [ 162.528940944000055, 41.91221297900006 ], [ 162.684575541000072, 41.94314253400006 ], [ 162.840368936000118, 41.973861389000035 ], [ 162.996320807000075, 42.004369164000025 ], [ 163.152430826000113, 42.034665474000064 ], [ 163.308698658000026, 42.064749935000066 ], [ 163.465123961000018, 42.094622166000079 ], [ 163.621706391000089, 42.124281785000051 ], [ 163.778445594000118, 42.153728407000074 ], [ 163.935341216000097, 42.182961653000064 ], [ 164.092392892000021, 42.211981137000066 ], [ 164.249600255000018, 42.240786479000064 ], [ 164.406962932000056, 42.269377296000073 ], [ 164.564480542000069, 42.297753208000074 ], [ 164.722152700000038, 42.325913832000026 ], [ 164.879979016000107, 42.353858787000036 ], [ 165.037959095000019, 42.38158769100005 ], [ 165.196092535000048, 42.409100164000051 ], [ 165.354378929000063, 42.436395824000044 ], [ 165.512817863000123, 42.463474290000079 ], [ 165.671408918000111, 42.49033518300007 ], [ 165.830151672000056, 42.516978121000079 ], [ 165.989045695000073, 42.543402724000032 ], [ 166.148090551000109, 42.569608612000025 ], [ 166.307285800000045, 42.595595404000051 ], [ 166.466630996000049, 42.621362723000061 ], [ 166.626125686000023, 42.646910186000071 ], [ 166.785769413000025, 42.672237415000041 ], [ 166.945561714000064, 42.697344032000046 ], [ 167.105502122000075, 42.722229655000035 ], [ 167.265590161000091, 42.746893907000072 ], [ 167.425825351000071, 42.771336409000071 ], [ 167.586207208000019, 42.795556783000052 ], [ 167.746735241000124, 42.819554649000054 ], [ 167.907408953000072, 42.843329629000038 ], [ 168.068227843000045, 42.866881346000071 ], [ 168.229191401000094, 42.890209422000055 ], [ 168.39029911800003, 42.913313479000067 ], [ 168.55155047300002, 42.936193139000068 ], [ 168.712944943000025, 42.958848026000055 ], [ 168.8744819960001, 42.981277761000058 ], [ 169.036161100000072, 43.003481969000063 ], [ 169.197981714000093, 43.025460272000032 ], [ 169.359943291000036, 43.047212294000076 ], [ 169.522045280000043, 43.068737659000078 ], [ 169.684287123000104, 43.090035991000036 ], [ 169.846668260000115, 43.111106912000025 ], [ 170.00918812000009, 43.131950050000057 ], [ 170.171846131000052, 43.152565026000048 ], [ 170.334641716000078, 43.17295146500004 ], [ 170.49757428700002, 43.193108995000046 ], [ 170.66064325800005, 43.213037238000027 ], [ 170.823848032000114, 43.232735821000063 ], [ 170.987188010000068, 43.252204368000037 ], [ 171.150662585000077, 43.271442505000039 ], [ 171.314271147000113, 43.290449860000081 ], [ 171.478013076000025, 43.309226057000046 ], [ 171.641887756000074, 43.327770723000071 ], [ 171.805894555000123, 43.346083484000076 ], [ 171.970032843000013, 43.36416396900006 ], [ 172.134301980000032, 43.382011803000069 ], [ 172.298701326000014, 43.399626613000066 ], [ 172.463230231000125, 43.417008027000065 ], [ 172.627888042000109, 43.434155672000031 ], [ 172.79267409800002, 43.451069179000058 ], [ 172.95758773700004, 43.467748173000075 ], [ 173.122628291000069, 43.484192283000027 ], [ 173.287795084000095, 43.500401138000029 ], [ 173.453087435000043, 43.516374366000036 ], [ 173.618504661000088, 43.532111598000029 ], [ 173.784046073000013, 43.547612462000075 ], [ 173.949710974000027, 43.562876588000051 ], [ 174.115498666000121, 43.577903604000028 ], [ 174.281408442000043, 43.59269314200003 ], [ 174.447439592000023, 43.607244833000038 ], [ 174.613591402000111, 43.621558305000065 ], [ 174.779863152000075, 43.635633189000032 ], [ 174.946254115000102, 43.64946911800007 ], [ 175.112763561000065, 43.663065723000045 ], [ 175.279390757000101, 43.676422633000072 ], [ 175.446134961000098, 43.689539483000033 ], [ 175.61299542900008, 43.702415902000041 ], [ 175.77997141000003, 43.715051525000035 ], [ 175.947062150000079, 43.727445981000074 ], [ 176.114266889000078, 43.739598907000072 ], [ 176.281584864000024, 43.751509932000033 ], [ 176.449015304000113, 43.763178693000043 ], [ 176.616557437000097, 43.774604821000025 ], [ 176.784210483000038, 43.785787950000042 ], [ 176.951973660000021, 43.796727714000042 ], [ 177.119846178000103, 43.807423748000076 ], [ 177.28782724600012, 43.817875687000026 ], [ 177.4559160660001, 43.828083164000077 ], [ 177.6241118370001, 43.838045816000033 ], [ 177.792413751000026, 43.847763278000059 ], [ 177.96082099900002, 43.857235184000047 ], [ 178.129332765000072, 43.866461172000072 ], [ 178.29794822700012, 43.875440877000074 ], [ 178.466666561000125, 43.884173936000025 ], [ 178.635486941000067, 43.892659986000069 ], [ 178.804408532000025, 43.900898663000078 ], [ 178.973430495000116, 43.908889606000059 ], [ 179.142551989000026, 43.916632450000066 ], [ 179.311772169000051, 43.924126836000028 ], [ 179.481090184000095, 43.931372400000043 ], [ 179.650505177000014, 43.938368781000065 ], [ 179.820016292000105, 43.945115617000056 ], [ 179.936818614000117, 43.948998249000056 ] ], [ [ 146.983308358000045, 43.621087831000068 ], [ 143.309471962000089, 41.701776973000051 ], [ 140.917376650000051, 41.576045584000042 ], [ 140.800542521000011, 41.601502587000027 ] ], [ [ 139.745269451000013, 35.378538881000054 ], [ 139.739322746000084, 35.266678392000074 ], [ 139.808371709000085, 35.173044669000035 ], [ 139.80833920800012, 35.172866188000057 ], [ 139.808335644000067, 35.172846615000026 ], [ 139.751868628000011, 34.863257669000063 ], [ 140.0205492770001, 34.643601442000033 ], [ 141.210678759000075, 35.372021749000055 ], [ 142.915939409000089, 37.023597694000046 ], [ 142.232670955000117, 40.72680203200008 ], [ 141.721824727000012, 41.41518465200005 ], [ 141.364844842000025, 41.556713526000067 ], [ 140.917237024000087, 41.576045565000072 ], [ 140.800527114000033, 41.601475501000039 ], [ 140.80040287700001, 41.601502566000079 ], [ 140.800385185000096, 41.601509233000058 ], [ 140.677004724000085, 41.647985249000044 ], [ 140.68467066900007, 41.718343116000028 ] ], [ [ 140.800397498000052, 41.601516830000037 ], [ 140.800385185000096, 41.601509233000058 ], [ 140.2472457020001, 41.260220872000048 ], [ 129.281988365000075, 34.801550700000064 ], [ 127.723185732000047, 33.434833071000071 ], [ 126.761615013000096, 33.751821205000056 ], [ 125.347035406000032, 34.071962385000063 ], [ 123.03179147600008, 37.425914443000067 ], [ 120.700563534000025, 38.101923989000056 ], [ 117.89426151400005, 38.878877406000072 ] ], [ [ 114.274628516, 22.211241339000026 ], [ 114.294500069000037, 22.221652844000062 ], [ 114.312223878000054, 22.22627370400005 ], [ 114.312227361000055, 22.226272487000074 ], [ 114.332063412000025, 22.219342512000026 ], [ 114.338575938000076, 22.216632771000036 ], [ 114.357068949000109, 22.208937931000037 ], [ 114.357075378000104, 22.208925600000043 ], [ 114.376370214000076, 22.171911159000047 ], [ 114.420338561000108, 22.132151065000073 ], [ 114.446707665000076, 22.108299199000044 ], [ 117.290234541000018, 22.961396086000036 ], [ 117.749696192000101, 23.287715535000075 ], [ 119.095478147000108, 23.930025732000047 ], [ 121.37927336100006, 26.702165457000035 ], [ 129.282145264000064, 34.801536601000066 ], [ 140.247395783000115, 41.26019238400005 ], [ 140.800527114000033, 41.601475501000039 ], [ 140.800547901000073, 41.601488324000059 ] ], [ [ -6.733339816999944, 35.893992971000046 ], [ -7.440773220999972, 35.869886314000041 ], [ -8.142454903999976, 35.855177562000051 ], [ -8.263444001999972, 35.852399547000061 ], [ -8.384474411999975, 35.849492176000069 ], [ -8.505545922999943, 35.846455405000029 ], [ -8.626658328999952, 35.843289189000075 ], [ -8.747811418999959, 35.839993482000068 ], [ -8.869004984999947, 35.83656823900003 ], [ -8.990238810999926, 35.833013415000039 ], [ -9.111512683999933, 35.829328964000069 ], [ -9.232826391999936, 35.825514842000075 ], [ -9.354179716999965, 35.821571003000031 ], [ -9.47557244099994, 35.817497402000072 ], [ -9.597004345999949, 35.813293994000048 ], [ -9.718475212999977, 35.808960734000038 ], [ -9.839984817999948, 35.804497577000063 ], [ -9.961532941999963, 35.799904477000041 ], [ -10.083119359999955, 35.795181392000075 ], [ -10.204743845999928, 35.790328274000046 ], [ -10.326406173999942, 35.785345079000024 ], [ -10.448106118999931, 35.780231762000028 ], [ -10.56984345099994, 35.77498827900007 ], [ -10.691617937999979, 35.769614585000056 ], [ -10.813429351999957, 35.764110634000076 ], [ -10.935277458999963, 35.758476384000062 ], [ -11.057162026999947, 35.752711787000067 ], [ -11.179082818999973, 35.74681680100008 ], [ -11.301039601999946, 35.740791380000076 ], [ -11.42303213699995, 35.734635480000065 ], [ -11.545060184999954, 35.728349055000024 ], [ -11.667123508999964, 35.721932064000043 ], [ -11.789221865999934, 35.715384458000074 ], [ -11.911355015999959, 35.708706196000037 ], [ -12.033522714999947, 35.701897232000078 ], [ -12.155724718999977, 35.694957522000038 ], [ -12.277960783999958, 35.687887021000051 ], [ -12.400230661999956, 35.680685686000061 ], [ -12.522534104999977, 35.673353473000077 ], [ -12.644870866999952, 35.665890335000029 ], [ -12.767240695999931, 35.658296232000055 ], [ -12.889643340999953, 35.650571115000048 ], [ -13.012078551999934, 35.642714943000044 ], [ -13.134546072999967, 35.634727672000054 ], [ -13.257045651999931, 35.626609256000052 ], [ -13.379577032999975, 35.618359653000027 ], [ -13.502139958999976, 35.609978818000059 ], [ -13.624734172999979, 35.601466706000053 ], [ -13.747359415999938, 35.592823275000057 ], [ -13.870015427999931, 35.584048481000025 ], [ -13.992701948999979, 35.575142278000044 ], [ -14.115418716999955, 35.566104625000037 ], [ -14.238165468999966, 35.556935475000046 ], [ -14.360941939999975, 35.547634788000039 ], [ -14.483747865999931, 35.538202517000059 ], [ -14.606582981999964, 35.528638620000038 ], [ -14.729447017999973, 35.518943053000044 ], [ -14.852339708999978, 35.509115773000076 ], [ -14.975260783999943, 35.499156735000042 ], [ -15.098209973999928, 35.489065895000067 ], [ -15.22118700599998, 35.478843212000072 ], [ -15.344191608999949, 35.468488642000068 ], [ -15.46722350899995, 35.45800213900003 ], [ -15.59028243299997, 35.44738366200005 ], [ -15.713368105999962, 35.436633167000025 ], [ -15.836480250999955, 35.425750611000069 ], [ -15.959618589999934, 35.414735950000079 ], [ -16.077770907999934, 35.404042762000074 ], [ -16.08278284599993, 35.403589141000054 ], [ -16.205972739999936, 35.392310140000063 ], [ -16.329187991999959, 35.380898906000027 ], [ -16.452428320999957, 35.369355393000035 ], [ -16.575693444999956, 35.357679560000065 ], [ -16.698983079999948, 35.345871363000072 ], [ -16.822296942999969, 35.333930760000044 ], [ -16.945634749999954, 35.32185770500007 ], [ -17.06899621499997, 35.309652158000063 ], [ -17.192381050999927, 35.297314076000077 ], [ -17.315788969999971, 35.284843415000068 ], [ -17.439219683999966, 35.272240132000036 ], [ -17.562672904999943, 35.259504185000026 ], [ -17.686148340999978, 35.246635530000049 ], [ -17.809645701999955, 35.233634125000037 ], [ -17.933164695999949, 35.220499927000049 ], [ -18.056705028999943, 35.207232893000025 ], [ -18.180266408999955, 35.19383298200006 ], [ -18.303848540999979, 35.180300149000061 ], [ -18.427451129999952, 35.166634353000063 ], [ -18.551073877999954, 35.152835551000067 ], [ -18.674716488999934, 35.138903700000071 ], [ -18.798378664999973, 35.124838759000056 ], [ -18.922060106999936, 35.110640684000032 ], [ -19.045760516999962, 35.096309433000044 ], [ -19.169479593999938, 35.081844963000037 ], [ -19.293217034999941, 35.067247232000057 ], [ -19.416972537999982, 35.052516199000024 ], [ -19.540745802999936, 35.037651822000043 ], [ -19.66453652499996, 35.022654055000032 ], [ -19.788344398999982, 35.007522860000051 ], [ -19.912215763999939, 34.992270659000042 ], [ -20.03614923899994, 34.976897161000068 ], [ -20.160099, 34.961390164000079 ], [ -20.284064724999951, 34.945749625000076 ], [ -20.408046089999971, 34.929975497000044 ], [ -20.532042769999975, 34.914067733000024 ], [ -20.656054440999981, 34.89802628800004 ], [ -20.780080775999977, 34.881851117000053 ], [ -20.904121447999955, 34.865542173000051 ], [ -21.028176129999963, 34.849099410000065 ], [ -21.152244493999945, 34.83252278100008 ], [ -21.276326210999969, 34.81581224200005 ], [ -21.400420949999955, 34.798967744000038 ], [ -21.524528379999936, 34.781989245000034 ], [ -21.648648170999934, 34.764876695000055 ], [ -21.772779989999947, 34.747630051000044 ], [ -21.896923503999972, 34.730249266000044 ], [ -22.02107837899996, 34.712734294000029 ], [ -22.145244280999975, 34.695085088000042 ], [ -22.269420873999934, 34.677301604000036 ], [ -22.393607824999947, 34.659383794000064 ], [ -22.517804794999961, 34.641331612000045 ], [ -22.64201144599997, 34.623145015000034 ], [ -22.766227440999955, 34.60482395300005 ], [ -22.890452440999979, 34.586368383000035 ], [ -23.014686107999978, 34.567778257000043 ], [ -23.138928100999976, 34.549053530000037 ], [ -23.263178078999942, 34.530194155000061 ], [ -23.387435699999969, 34.511200087000077 ], [ -23.511700623999957, 34.492071281000051 ], [ -23.635972506999963, 34.472807689000035 ], [ -23.76025100499993, 34.453409266000051 ], [ -23.884535774999961, 34.433875965000027 ], [ -24.008826473999932, 34.414207741000041 ], [ -24.133122753999942, 34.394404548000068 ], [ -24.257424269999944, 34.374466340000026 ], [ -24.38173067699995, 34.354393070000071 ], [ -24.506041625999956, 34.334184693000054 ], [ -24.630356769999935, 34.313841162000074 ], [ -24.754675762999966, 34.293362432000038 ], [ -24.878998252999963, 34.272748458000024 ], [ -25.003323892999958, 34.251999191000039 ], [ -25.127652331999968, 34.231114587000036 ], [ -25.251983219999943, 34.210094600000048 ], [ -25.376316204999966, 34.188939184000048 ], [ -25.500650936999932, 34.167648291000035 ], [ -25.624987062999935, 34.146221878000063 ], [ -25.749324230999946, 34.124659897000072 ], [ -25.873662086999957, 34.102962303000027 ], [ -25.998000278999939, 34.081129050000072 ], [ -26.122338449999972, 34.059160090000034 ], [ -26.246676248999961, 34.037055380000027 ], [ -26.371013318999928, 34.014814872000045 ], [ -26.495349303999944, 33.992438520000064 ], [ -26.619683848999955, 33.969926280000038 ], [ -26.744016595999938, 33.947278103000031 ], [ -26.868347190999941, 33.924493945000052 ], [ -26.992675271999929, 33.901573760000076 ], [ -27.117000483999959, 33.878517500000044 ], [ -27.241322468999954, 33.855325122000067 ], [ -27.365640867999957, 33.83199657800003 ], [ -27.489955320999968, 33.808531822000077 ], [ -27.614265467999928, 33.784930809000059 ], [ -27.738570949999939, 33.761193493000064 ], [ -27.862871405999954, 33.737319826000032 ], [ -27.987166474999981, 33.713309765000076 ], [ -28.111455795999973, 33.689163262000079 ], [ -28.235739007999939, 33.664880271000072 ], [ -28.360015747999967, 33.640460746000031 ], [ -28.484285654999951, 33.615904641000043 ], [ -28.608548363999944, 33.591211912000063 ], [ -28.732803513999954, 33.566382511000029 ], [ -28.857050740999966, 33.541416391000041 ], [ -28.981289680999964, 33.516313509000042 ], [ -29.105519968999943, 33.491073817000029 ], [ -29.229741242999978, 33.465697268000042 ], [ -29.353953135999973, 33.440183819000026 ], [ -29.478155283999968, 33.414533421000044 ], [ -29.602347319999978, 33.38874603000005 ], [ -29.726528880999979, 33.362821599000029 ], [ -29.850699598999938, 33.336760083000058 ], [ -29.974859107999976, 33.310561435000068 ], [ -30.099007042999972, 33.284225608000042 ], [ -30.223143034999964, 33.257752559000039 ], [ -30.347266717999958, 33.231142239000064 ], [ -30.471377723999979, 33.204394604000072 ], [ -30.59547568499994, 33.177509607000047 ], [ -30.71956023599995, 33.150487203000068 ], [ -30.843631006999942, 33.123327344000074 ], [ -30.967687627999965, 33.09602998500003 ], [ -31.091729732999966, 33.068595081000069 ], [ -31.215756951999936, 33.041022586000054 ], [ -31.339768916999958, 33.013312452000037 ], [ -31.463765256999977, 32.985464635000028 ], [ -31.587745604999952, 32.957479086000035 ], [ -31.711709589999941, 32.929355763000046 ], [ -31.835656841999935, 32.901094619000048 ], [ -31.959586990999981, 32.872695605000047 ], [ -32.083499666999955, 32.844158679000031 ], [ -32.207394501999943, 32.815483792000066 ], [ -32.331271122999965, 32.786670899000057 ], [ -32.455129158999966, 32.757719955000027 ], [ -32.578968240999984, 32.728630912000028 ], [ -32.702787997999962, 32.699403726000071 ], [ -32.82658805799997, 32.670038349000038 ], [ -32.950368050999941, 32.640534737000053 ], [ -33.074127604999944, 32.610892843000045 ], [ -33.19786634899998, 32.581112621000045 ], [ -33.321583910999948, 32.551194025000029 ], [ -33.445279920999951, 32.521137008000039 ], [ -33.568954004999966, 32.490941527000075 ], [ -33.692605792999984, 32.46060753200004 ], [ -33.81623491299996, 32.430134980000048 ], [ -33.939840991999972, 32.399523824000028 ], [ -34.063423659999955, 32.368774018000067 ], [ -34.186982543999932, 32.337885516000028 ], [ -34.310517269999934, 32.306858272000056 ], [ -34.434027468999943, 32.275692240000069 ], [ -34.55751276899997, 32.244387373000052 ], [ -34.680972794999946, 32.212943627000072 ], [ -34.804407175999984, 32.18136095400007 ], [ -34.927815539999983, 32.149639310000055 ], [ -35.051197516999935, 32.11777864700008 ], [ -35.174552730999949, 32.085778920000052 ], [ -35.29788081099997, 32.053640084000051 ], [ -35.421181385999944, 32.021362091000071 ], [ -35.544454082999948, 31.988944896000078 ], [ -35.667698529999939, 31.956388452000056 ], [ -35.790914353999938, 31.923692715000072 ], [ -35.914101184999936, 31.890857638000057 ], [ -36.037258647999977, 31.857883174000051 ], [ -36.160386371999948, 31.824769278000076 ], [ -36.283483985999965, 31.79151590400005 ], [ -36.406551116999935, 31.758123006000062 ], [ -36.529587394999965, 31.72459053700004 ], [ -36.652592444999982, 31.690918453000052 ], [ -36.775565896999979, 31.657106706000036 ], [ -36.898507379999955, 31.623155251000071 ], [ -37.021416520999935, 31.589064042000075 ], [ -37.144292949999965, 31.554833032000033 ], [ -37.267136293999954, 31.520462175000034 ], [ -37.38994618299995, 31.485951427000032 ], [ -37.512722244999964, 31.451300741000068 ], [ -37.63546410899994, 31.416510070000072 ], [ -37.758171405999974, 31.381579370000054 ], [ -37.880843761999984, 31.346508592000077 ], [ -38.003480807999949, 31.311297693000029 ], [ -38.126082173999976, 31.275946625000074 ], [ -38.248647487999961, 31.240455343000065 ], [ -38.371176381999931, 31.204823800000042 ], [ -38.493668482999965, 31.169051951000029 ], [ -38.616123422999976, 31.133139750000055 ], [ -38.738540832999945, 31.097087151000039 ], [ -38.860920341999929, 31.060894107000024 ], [ -38.983261580999965, 31.024560572000041 ], [ -39.105564179999931, 30.988086501000055 ], [ -39.227827771999955, 30.95147184800004 ], [ -39.350051985999983, 30.914716566000038 ], [ -39.472236454999972, 30.877820610000072 ], [ -39.594380809999961, 30.840783934000058 ], [ -39.71648468199993, 30.803606491000039 ], [ -40.340187174999983, 30.612631303000057 ], [ -40.960712841999964, 30.418648474000065 ], [ -41.181194451999943, 30.348677997000038 ], [ -41.401493279999954, 30.27830060000008 ], [ -41.621605918999933, 30.207518398000047 ], [ -41.841528984999968, 30.136333505000039 ], [ -42.061259119999931, 30.064748038000062 ], [ -42.280752457999938, 29.992764110000053 ], [ -42.499688737999975, 29.920383836000042 ], [ -42.718433603999983, 29.847609331000058 ], [ -42.936983933999954, 29.774442712000052 ], [ -43.155336630999955, 29.700886091000029 ], [ -43.373488617999953, 29.626941584000065 ], [ -43.591436843999929, 29.552611306000074 ], [ -43.809178281999948, 29.477897372000029 ], [ -44.026709925999967, 29.402801897000074 ], [ -44.244028795999952, 29.327326995000078 ], [ -44.461131934999969, 29.251474782000059 ], [ -44.678016411999977, 29.175247372000058 ], [ -44.894679314999962, 29.098646880000047 ], [ -45.111117760999946, 29.021675422000044 ], [ -45.327328885999975, 28.944335111000044 ], [ -45.543309852999982, 28.866628063000064 ], [ -45.75905784899993, 28.788556394000068 ], [ -45.974570083999936, 28.710122217000048 ], [ -46.189843791999976, 28.631327648000024 ], [ -46.404876230999946, 28.552174800000046 ], [ -46.619664680999961, 28.472665791000054 ], [ -46.834206450999943, 28.392802734000043 ], [ -47.048498867999967, 28.312587743000051 ], [ -47.262539286999981, 28.232022935000032 ], [ -47.476325085999974, 28.151110424000024 ], [ -47.689853663999941, 28.069852325000056 ], [ -47.903122450999945, 27.988250752000056 ], [ -48.116128891999949, 27.906307821000041 ], [ -48.328870461999941, 27.824025646000052 ], [ -48.541344656999968, 27.741406343000051 ], [ -48.753549, 27.658452026000077 ], [ -48.965481032999946, 27.575164810000047 ], [ -49.177138325999977, 27.491546810000045 ], [ -49.388518469999951, 27.407600140000056 ], [ -49.599619080999958, 27.323326918000078 ], [ -49.810437798999942, 27.238729256000056 ], [ -50.02097228599996, 27.153809269000078 ], [ -50.231220228999973, 27.068569073000049 ], [ -50.441179337999984, 26.983010781000075 ], [ -50.650847346999967, 26.897136510000053 ], [ -50.860222012999941, 26.810948375000066 ], [ -51.069301115999963, 26.724448489000054 ], [ -51.278082457999972, 26.637638969000079 ], [ -51.486563869999941, 26.550521927000034 ], [ -51.694743195999934, 26.463099482000075 ], [ -51.902618313999938, 26.375373745000047 ], [ -52.110187118999931, 26.287346833000072 ], [ -52.317447529999981, 26.199020860000076 ], [ -52.524397488999966, 26.110397941000031 ], [ -52.731034959999931, 26.02148019200007 ], [ -52.937357931999941, 25.932269727000062 ], [ -53.143364414999951, 25.842768661000036 ], [ -53.349052441999959, 25.752979109000023 ], [ -53.554420070999981, 25.662903184000072 ], [ -53.75946537599998, 25.572543004000067 ], [ -53.964186459999951, 25.48190068200006 ], [ -54.168581444999973, 25.390978334000067 ], [ -54.372648474999949, 25.299778073000027 ], [ -54.576385719999962, 25.208302016000061 ], [ -54.779791366999973, 25.116552277000039 ], [ -54.982863626999972, 25.024530972000036 ], [ -55.184037732999968, 24.932240213000057 ], [ -55.384380744999987, 24.839682117000052 ], [ -55.584468913999956, 24.746858799000051 ], [ -55.784300719999976, 24.653772374000027 ], [ -55.983874656999944, 24.560424956000077 ], [ -56.183189226999957, 24.466818659000069 ], [ -56.382242944999973, 24.372955601000058 ], [ -56.581034337999938, 24.278837894000048 ], [ -56.779561941999987, 24.184467654000059 ], [ -56.977824302999977, 24.089846996000063 ], [ -57.17581998199995, 23.994978035000031 ], [ -57.373547546999987, 23.899862885000061 ], [ -57.571005579999962, 23.804503661000069 ], [ -57.768192667999983, 23.708902480000063 ], [ -57.965107415999967, 23.613061454000047 ], [ -58.161748436999972, 23.516982699000039 ], [ -58.358114351999973, 23.420668331000059 ], [ -58.554203794999978, 23.324120463000042 ], [ -58.750015410999936, 23.227341211000066 ], [ -58.945547854999973, 23.130332690000046 ], [ -59.140799790999949, 23.033097014000077 ], [ -59.335769894999942, 22.935636299000066 ], [ -59.530456853999965, 22.837952660000042 ], [ -59.724859364999986, 22.740048210000054 ], [ -59.918976131999955, 22.641925065000066 ], [ -60.112805874999935, 22.543585342000029 ], [ -60.306347320999976, 22.44503115200007 ], [ -60.499599204999981, 22.346264613000073 ], [ -60.692560275999938, 22.247287837000044 ], [ -60.885229290999973, 22.148102942000037 ], [ -61.077605017999986, 22.048712041000044 ], [ -61.269686234999938, 21.949117249000039 ], [ -61.461471727999935, 21.849320682000041 ], [ -61.652960294999957, 21.749324454000032 ], [ -61.844150743999933, 21.649130680000042 ], [ -62.035041889999945, 21.548741475000043 ], [ -62.225632560999941, 21.448158953000075 ], [ -62.41592159299995, 21.347385231000032 ], [ -62.605907829999978, 21.246422422000023 ], [ -62.795590128999947, 21.145272641000076 ], [ -62.984967354999981, 21.04393800400004 ], [ -63.174038380999946, 20.942420624000079 ], [ -63.362802091999981, 20.840722618000029 ], [ -63.551257379999981, 20.738846100000046 ], [ -63.739403145999972, 20.636793186000034 ], [ -63.927238303999957, 20.534565988000054 ], [ -64.114761772999941, 20.432166624000047 ], [ -64.301972482999986, 20.329597207000063 ], [ -64.488869372999943, 20.226859852000075 ], [ -64.675451389999978, 20.123956675000045 ], [ -64.861717490999979, 20.020889791000059 ], [ -65.04836697199994, 19.917661313000053 ], [ -65.23484063099994, 19.814273357000047 ], [ -65.420955690999961, 19.71072803800007 ], [ -65.606711228999984, 19.607027471000038 ], [ -65.792106334999971, 19.503173770000046 ], [ -65.977140104999933, 19.399169052000047 ], [ -66.161811653999962, 19.295015430000035 ], [ -66.346120102999976, 19.190715018000049 ], [ -66.530064587999959, 19.086269934000029 ], [ -66.713644254999963, 18.981682291000027 ], [ -66.896858261999967, 18.876954203000025 ], [ -67.410171487999946, 18.580707670000038 ], [ -67.920902513999977, 18.284475471000064 ], [ -71.375218331999974, 31.248404636000032 ], [ -72.534043054999984, 39.363001871000051 ], [ -74.011615826999957, 40.438229289000049 ], [ -73.902897738999968, 39.39661736000005 ], [ -72.726147091999962, 28.101555096000027 ], [ -71.364150140999982, 21.754568205000055 ], [ -71.778857627999969, 20.737606146000076 ], [ -73.640716644999941, 20.682948405000047 ], [ -74.278489536999984, 20.828617351000048 ] ], [ [ -79.876806757999987, 26.967986151000048 ], [ -79.792018691999942, 30.377968981000038 ], [ -79.379310705999956, 31.145369029000051 ], [ -75.963255043999936, 33.965376451000054 ], [ -75.169060538999986, 35.14328382900004 ], [ -74.785014905999958, 38.324781429000041 ], [ -75.202497693999987, 38.769874766000044 ] ], [ [ -5.584514697999964, 35.977634365000029 ], [ -4.598982287999945, 36.407391050000058 ], [ -2.41151354699997, 36.57947334000005 ], [ 8.585531693000064, 37.939744885000039 ], [ 9.781648974000063, 37.628739070000051 ], [ 9.961153099000057, 37.628765533000035 ], [ 10.926717435000057, 37.438576758000067 ], [ 11.077188405000072, 37.37141133800003 ], [ 11.722183962000031, 36.911923780000052 ], [ 14.006432862000054, 36.122908425000048 ], [ 14.293835212000033, 35.89709891800004 ] ], [ [ 14.293971122000073, 35.897098938000056 ], [ 29.703149741000061, 32.224213411000051 ], [ 29.999795795000068, 32.183674873000029 ] ], [ [ 139.745426171000076, 35.378524755000058 ], [ 139.739479375000087, 35.266664266000078 ], [ 139.808528258000024, 35.173030546000064 ], [ 139.808335644000067, 35.172846615000026 ], [ 139.369738066000082, 34.753974102000029 ], [ 139.187546092000048, 34.53320565100006 ], [ 138.49350646400012, 33.707151667000062 ], [ 138.493477319000021, 33.707140935000041 ], [ 131.385489587000052, 31.081315767000035 ], [ 130.756369809000034, 30.803903884000079 ], [ 130.222697279000045, 30.509728437000035 ], [ 121.379284851000079, 26.702151336000043 ], [ 119.095478147000108, 23.930025732000047 ], [ 117.749704362000102, 23.287715536000064 ], [ 117.290245263000088, 22.961381965000044 ], [ 114.446718380000107, 22.108285078000051 ], [ 114.446707628000013, 22.10829480700005 ], [ 114.420338561000108, 22.132151065000073 ], [ 114.376378367000029, 22.171911161000025 ], [ 114.357079677000115, 22.208923810000044 ], [ 114.357075378000104, 22.208925600000043 ], [ 114.338575938000076, 22.216632771000036 ], [ 114.332071566000081, 22.219342514000061 ], [ 114.312232032000111, 22.22627370500004 ], [ 114.312227361000055, 22.226272487000074 ], [ 114.294508223000093, 22.221652844000062 ], [ 114.274631093000039, 22.211227217000044 ] ], [ [ 139.745409222000035, 35.378524752000033 ], [ 139.739462434000075, 35.266664265000031 ], [ 139.808511323000062, 35.173030543000039 ], [ 139.80833920800012, 35.172866188000057 ], [ 139.36972116000004, 34.753974099000061 ], [ 139.187529201000075, 34.533205648000035 ], [ 138.49348962800002, 33.707151665000026 ], [ 138.493477319000021, 33.707140935000041 ], [ 122.625985083000046, 20.363745153000025 ], [ 121.432914885000059, 19.746922526000048 ], [ 109.933445324000047, 8.064837861000058 ], [ 105.435531536000042, 2.967330987000025 ], [ 105.43504474100007, 2.966789955000024 ], [ 105.10530355700007, 1.771659407000072 ], [ 104.588920611000049, 1.271674602000076 ], [ 104.039960593000046, 1.103842735000057 ] ], [ [ -117.341722992999962, 32.591083935000029 ], [ -118.986142489999963, 33.890463585000077 ], [ -120.095566758999951, 34.209019072000046 ], [ -120.646828058999972, 34.196907484000064 ], [ -120.646947916999977, 34.196904851000056 ] ], [ [ -79.534527189999949, 8.822717589000035 ], [ -79.476702073999945, 8.742893829000025 ], [ -79.715648352999949, 7.368489978000071 ], [ -79.715652085999977, 7.368468050000047 ], [ -81.009625827999969, 6.59083580500004 ], [ -87.652637830999936, 9.143047723000052 ], [ -107.799120268999957, 19.946405652000067 ], [ -107.800744134999945, 19.947906362000026 ], [ -115.067975636999961, 26.618669240000031 ], [ -116.07263930299996, 27.953212267000026 ], [ -117.341736006999952, 32.590970957000025 ] ], [ [ 30.000204312000051, 32.183619046000047 ], [ 30.102451683000027, 32.169646302000046 ] ], [ [ 30.102451684000073, 32.16358125000005 ], [ 32.124262601000055, 31.618012203000035 ], [ 32.740914866000026, 31.274824696000053 ], [ 32.74092969700007, 31.274816408000049 ] ], [ [ -81.039513074999945, 31.861334950000071 ], [ -79.817264621999982, 30.660571340000047 ] ], [ [ 32.74092530300004, 31.274830530000031 ], [ 32.740914866000026, 31.274824696000053 ], [ 32.541004824000026, 31.163139189000049 ], [ 32.499590041000033, 31.024523983000051 ], [ 32.51001608100006, 30.734116497000059 ], [ 32.510144492000052, 30.733198485000059 ], [ 32.523179177000031, 30.689233783000077 ], [ 32.527823935000072, 30.676761672000055 ], [ 32.531437371000038, 30.664551946000074 ], [ 32.534073977000048, 30.652601016000062 ], [ 32.535788224000044, 30.640905287000066 ], [ 32.536634555000035, 30.62946117000007 ], [ 32.536667390000048, 30.618265073000032 ], [ 32.535941127000058, 30.607313402000045 ], [ 32.534510137000041, 30.596602569000027 ], [ 32.532428775000028, 30.58612897900008 ], [ 32.529751373000067, 30.575889041000039 ], [ 32.526532241000041, 30.565879165000069 ], [ 32.522825673000057, 30.556095758000026 ], [ 32.518685943000037, 30.546535228000039 ], [ 32.514167307000037, 30.537193985000044 ], [ 32.509324005000053, 30.528068436000069 ], [ 32.504210261000026, 30.519154988000025 ], [ 32.501917526000057, 30.513717074000056 ], [ 32.499278150000066, 30.507700040000032 ], [ 32.498164475000067, 30.504225477000034 ], [ 32.497042493000038, 30.500284836000048 ], [ 32.496732163000047, 30.495426286000054 ], [ 32.496583075000046, 30.494508232000044 ], [ 32.496430591000035, 30.492191947000038 ], [ 32.497537245000046, 30.486288468000055 ], [ 32.497469703000036, 30.486175469000045 ], [ 32.497988692000035, 30.483633308000037 ], [ 32.499128406000068, 30.48120422900007 ], [ 32.502072906000024, 30.474481863000051 ], [ 32.50374017200005, 30.470668756000066 ], [ 32.505423937000046, 30.468705836000026 ], [ 32.507654385000023, 30.466036822000035 ], [ 32.524169053000037, 30.446718300000043 ], [ 32.52819181600006, 30.440476299000068 ], [ 32.531187954000075, 30.433655077000026 ], [ 32.543361622000077, 30.376724896000042 ], [ 32.543630445000076, 30.376258859000075 ], [ 32.550722583000038, 30.360653414000069 ], [ 32.567349762000049, 30.28266572900003 ], [ 32.634817611000074, 30.20666305900005 ], [ 32.655865876000064, 30.199138400000038 ], [ 32.676101617000029, 30.192559894000055 ], [ 32.708956417000024, 30.182960863000062 ], [ 32.71995114300006, 30.177284867000026 ], [ 32.727673466000056, 30.17162249900008 ], [ 32.731879572000025, 30.167103605000079 ], [ 32.733331273000033, 30.165027666000071 ], [ 32.756134569000039, 30.130428470000027 ], [ 32.758290746000057, 30.126389467000024 ], [ 32.76029705600007, 30.121178189000034 ], [ 32.761483727000041, 30.115966788000037 ], [ 32.761730359000069, 30.111927497000067 ], [ 32.762183653000079, 30.10346134200006 ], [ 32.762510532000078, 30.094868409000071 ], [ 32.762735434000035, 30.086165273000063 ], [ 32.762882813000033, 30.077368508000063 ], [ 32.762977137000064, 30.06849469000008 ], [ 32.763042889000076, 30.059560396000052 ], [ 32.763104570000053, 30.050582200000065 ], [ 32.763186695000059, 30.041576678000069 ], [ 32.763313796000034, 30.032560405000027 ], [ 32.763510421000035, 30.023549956000068 ], [ 32.763801132000026, 30.014561907000029 ], [ 32.764210512000034, 30.005612833000043 ], [ 32.76473289200004, 29.99671931000006 ], [ 32.765372238000054, 29.98789791300004 ], [ 32.76620519100004, 29.979165217000059 ], [ 32.767256540000062, 29.970537798000066 ], [ 32.778691738000077, 29.907944198000052 ], [ 32.779490128000077, 29.900077534000047 ], [ 32.779282688000023, 29.89110202300003 ], [ 32.777651922000075, 29.882666520000043 ], [ 32.774514554000064, 29.874924606000036 ], [ 32.769787386000075, 29.868029861000025 ], [ 32.764964655000028, 29.862944674000062 ], [ 32.763765613000032, 29.861659255000063 ], [ 32.761444493000056, 29.859695738000028 ], [ 32.756302403000063, 29.855189566000035 ], [ 32.745644302000073, 29.846855092000055 ], [ 32.739196217000028, 29.831346524000026 ], [ 32.74420886300004, 29.797916987000065 ], [ 32.747688516000039, 29.775927246000037 ], [ 32.729299742000023, 29.732198152000024 ], [ 32.726984916000049, 29.699558434000039 ], [ 32.735402124000075, 29.555401380000035 ], [ 32.742551056000025, 29.515263558000072 ], [ 32.795085641000071, 29.404769520000059 ], [ 32.824007063000067, 29.341373688000033 ], [ 33.130763375000072, 28.688069987000063 ], [ 33.228774724000061, 28.516386557000033 ], [ 33.449924914000064, 28.184478004000027 ], [ 33.513316234000058, 28.103038099000059 ], [ 33.563688252000077, 28.060929850000036 ], [ 33.843248138000035, 27.826679833000071 ], [ 33.881947474000071, 27.799145174000046 ], [ 33.936498887000027, 27.752532277000057 ], [ 34.032342397000036, 27.65409298000003 ], [ 34.473184080000067, 27.602440467000065 ], [ 34.572140180000076, 27.602455550000059 ], [ 34.964679254000032, 27.777786126000024 ], [ 35.093616021000059, 27.897331727000051 ], [ 35.284884023000075, 27.905806626000071 ], [ 35.662505654000029, 27.457758708000028 ], [ 35.942428157000052, 26.931835101000047 ], [ 36.589788937000037, 25.478086493000035 ], [ 42.862040383000078, 13.515008775000069 ], [ 43.57469093800006, 12.528251374000035 ], [ 45.174130253000044, 12.656933805000051 ], [ 45.254374096000049, 12.624548837000077 ], [ 50.918032178000033, 12.324635905000036 ], [ 51.607356416000073, 11.949885212000027 ], [ 73.205840541000043, 7.30592559300004 ], [ 79.99918725200007, 5.829985294000039 ], [ 80.802288090000047, 5.655043419000037 ], [ 79.999695290000034, 5.829612074000067 ], [ 79.99918725200007, 5.829985294000039 ], [ 76.920627574000036, 8.071229874000039 ], [ 75.822644039000068, 9.789093155000046 ] ], [ [ 114.274628516, 22.211241339000026 ], [ 114.294500069000037, 22.221652844000062 ], [ 114.312223878000054, 22.22627370400005 ], [ 114.312227361000055, 22.226272487000074 ], [ 114.332063412000025, 22.219342512000026 ], [ 114.338575938000076, 22.216632771000036 ], [ 114.357068949000109, 22.208937931000037 ], [ 114.357075378000104, 22.208925600000043 ], [ 114.376370214000076, 22.171911159000047 ], [ 114.420338561000108, 22.132151065000073 ], [ 114.446707665000076, 22.108299199000044 ], [ 117.290234541000018, 22.961396086000036 ], [ 117.749696192000101, 23.287715535000075 ], [ 119.095478147000108, 23.930025732000047 ], [ 121.37927336100006, 26.702165457000035 ], [ 122.684253561000105, 29.755880364000063 ], [ 122.671007600000053, 30.137210902000049 ], [ 122.712474849000046, 30.565410099000076 ], [ 122.401791729000024, 30.988105125000061 ] ], [ [ -79.951596586999983, 9.329469789000029 ], [ -79.951607917999979, 9.329481064000049 ], [ -79.951615606999951, 9.329488715000025 ], [ -79.967857737999964, 9.345651280000027 ], [ -80.671899190999966, 9.669475803000068 ], [ -81.349252251999985, 10.186496056000067 ], [ -81.671171840999989, 10.880579185000045 ], [ -81.733510491999937, 11.686917367000035 ], [ -81.604793622999978, 13.466230531000065 ], [ -81.792311000999973, 14.885701892000043 ], [ -82.065256918999978, 16.066847252000059 ], [ -82.346980569999971, 17.287305833000062 ], [ -82.861219220999942, 18.277522980000072 ], [ -83.655881836999981, 19.260747855000034 ], [ -84.395939411999962, 20.203492919000041 ], [ -84.750583086999939, 20.655768007000063 ], [ -85.541325231999963, 21.753523619000077 ], [ -86.414368936999949, 22.891768425000066 ], [ -87.883439061, 25.545399341000063 ], [ -89.860373366999966, 29.321030839000059 ] ], [ [ -94.781092846999968, 29.109853057000066 ], [ -94.762610213999949, 29.102323442000056 ], [ -94.739913479999984, 29.093038225000043 ], [ -94.725319917999968, 29.087052499000038 ], [ -94.70860812799998, 29.080185448000066 ], [ -94.689812051, 29.072447642000043 ], [ -94.66896563399996, 29.063849644000072 ], [ -94.646102838, 29.054402024000069 ], [ -94.621257626999977, 29.044115349000037 ], [ -94.59446397399995, 29.03300018300007 ], [ -94.580347099999983, 29.027135219000058 ], [ -94.565755857999989, 29.021067095000035 ], [ -94.550694497999984, 29.014797132000069 ], [ -94.535167265999974, 29.008326652000051 ], [ -94.519178411999974, 29.00165697400007 ], [ -94.502732184999957, 28.994789418000039 ], [ -94.48583283499994, 28.987725308000051 ], [ -94.468484610999951, 28.980465963000029 ], [ -94.450691762999952, 28.973012704000041 ], [ -94.432458539999971, 28.965366853000035 ], [ -94.413789191999967, 28.957529729000044 ], [ -94.394687970999939, 28.949502654000071 ], [ -94.375159124999982, 28.941286948000027 ], [ -94.355206904999989, 28.932883933000028 ], [ -94.334835562999956, 28.924294929000041 ], [ -94.314049347999969, 28.915521256000034 ], [ -94.292852508999943, 28.906564237000055 ], [ -94.271249297999987, 28.897425191000025 ], [ -94.249243966999984, 28.88810544100005 ], [ -94.226840761999938, 28.878606305000062 ], [ -94.204043936999938, 28.868929107000042 ], [ -94.180857739999965, 28.859075165000036 ], [ -94.15728642199997, 28.849045800000056 ], [ -94.133334232999971, 28.838842336000027 ], [ -94.109005420999949, 28.828466091000053 ], [ -94.084304237999959, 28.817918385000041 ], [ -94.059234931, 28.807200542000032 ], [ -94.033801750999942, 28.79631388100006 ], [ -94.008008945999961, 28.785259723000024 ], [ -93.981860764999965, 28.774039390000041 ], [ -93.955361456, 28.762654201000032 ], [ -93.928515266999966, 28.751105477000067 ], [ -93.901326446999974, 28.739394539000045 ], [ -93.873799241999961, 28.727522710000073 ], [ -93.859910072, 28.721526873000073 ], [ -93.845937899999967, 28.715491309000072 ], [ -93.831883254, 28.709416181000051 ], [ -93.817746667999984, 28.703301656000065 ], [ -93.803528668999945, 28.697147898000026 ], [ -93.789229789999979, 28.690955074000044 ], [ -93.774850562999973, 28.684723346000055 ], [ -93.76039151599997, 28.678452882000045 ], [ -93.745853180999973, 28.672143845000051 ], [ -93.731236088999935, 28.665796402000069 ], [ -93.716540769999938, 28.659410716000025 ], [ -93.701767755999981, 28.652986953000038 ], [ -93.686917574999939, 28.646525279000059 ], [ -93.671990759999971, 28.640025860000037 ], [ -93.656987840999989, 28.633488857000032 ], [ -93.641909346999967, 28.626914439000075 ], [ -93.626755808999974, 28.620302769000034 ], [ -93.611527758999955, 28.613654014000076 ], [ -93.596225727, 28.606968336000079 ], [ -93.58085024199994, 28.600245904000076 ], [ -93.565401835999978, 28.593486881000047 ], [ -93.549881037999967, 28.586691431000077 ], [ -93.534288377999985, 28.579859721000048 ], [ -93.518624387999978, 28.572991916000035 ], [ -93.502889597999967, 28.566088180000065 ], [ -93.487084536999987, 28.559148678000042 ], [ -93.471209736, 28.552173578000065 ], [ -93.455265722999968, 28.545163041000023 ], [ -93.439253031999954, 28.538117235000072 ], [ -93.423172189999946, 28.531036323000023 ], [ -93.407023728999945, 28.523920472000043 ], [ -93.39080817699994, 28.516769847000035 ], [ -93.374526066999977, 28.509584611000037 ], [ -93.35817792499995, 28.502364932000035 ], [ -93.341764282999975, 28.495110973000067 ], [ -93.325285670999961, 28.487822900000026 ], [ -93.308742618999986, 28.480500877000054 ], [ -93.292135654999981, 28.473145071000033 ], [ -93.275465311999938, 28.465755645000058 ], [ -93.258732115999976, 28.458332766000069 ], [ -93.241936599999974, 28.450876598000036 ], [ -93.225079290999986, 28.443387307000023 ], [ -93.208160720999956, 28.435865057000058 ], [ -93.191181416999939, 28.428310014000033 ], [ -93.174141909999946, 28.420722342000033 ], [ -93.157042729999944, 28.413102206000076 ], [ -93.139884404999975, 28.405449774000033 ], [ -93.122667465999939, 28.397765208000067 ], [ -93.105392439999946, 28.39004867400007 ], [ -93.088059857999951, 28.38230033800005 ], [ -93.070670250999967, 28.374520364000034 ], [ -93.053224144999945, 28.366708917000039 ], [ -93.035722069999963, 28.358866163000073 ], [ -93.018164555999988, 28.350992266000048 ], [ -93.000552132999985, 28.343087393000076 ], [ -92.982885327999952, 28.335151707000023 ], [ -92.965164670999968, 28.327185375000056 ], [ -92.947390689999963, 28.319188560000043 ], [ -92.92956391599995, 28.311161428000048 ], [ -92.911684876999971, 28.303104145000077 ], [ -92.893754101999946, 28.295016876000034 ], [ -92.875772117999986, 28.28689978400007 ], [ -92.85773945699998, 28.278753036000069 ], [ -92.839656643999945, 28.270576798000036 ], [ -92.821524210999939, 28.262371233000067 ], [ -92.803342684999961, 28.254136506000066 ], [ -92.785112593999941, 28.245872784000028 ], [ -92.766834468999946, 28.237580231000038 ], [ -92.748508835999985, 28.229259013000046 ], [ -92.730136225999956, 28.220909293000034 ], [ -92.711717163999936, 28.212531239000043 ], [ -92.693252181999981, 28.204125014000056 ], [ -92.674741805999986, 28.195690783000032 ], [ -92.656186564999985, 28.187228712000035 ], [ -92.637586985999974, 28.178738967000072 ], [ -92.618943599999966, 28.170221710000078 ], [ -92.600256933999958, 28.161677109000038 ], [ -92.581527513999959, 28.153105329000027 ], [ -92.562755870999979, 28.144506534000072 ], [ -92.543942530999971, 28.135880889000077 ], [ -92.525088021999977, 28.127228560000049 ], [ -92.506192873999964, 28.11854971200006 ], [ -92.48725761299994, 28.109844509000027 ], [ -92.468282767999938, 28.101113117000068 ], [ -92.449268864999965, 28.092355700000041 ], [ -92.430216433999988, 28.083572426000046 ], [ -92.411126000999957, 28.074763457000074 ], [ -92.391998093999973, 28.065928959000075 ], [ -92.372833241999956, 28.057069098000056 ], [ -92.353631969, 28.048184039000034 ], [ -92.334394806999967, 28.039273946000037 ], [ -92.315122280999958, 28.030338984000025 ], [ -92.295814919999941, 28.021379319000062 ], [ -92.276473247999945, 28.012395118000029 ], [ -92.257097794999936, 28.003386542000044 ], [ -92.237689087999968, 27.994353758000045 ], [ -92.218247653999981, 27.98529693200004 ], [ -92.198774020999963, 27.976216228000055 ], [ -92.179268713999988, 27.967111812000041 ], [ -92.159732261999977, 27.957983848000026 ], [ -92.140165190999937, 27.948832501000027 ], [ -92.12056802799998, 27.939657938000039 ], [ -92.100941301999967, 27.930460322000044 ], [ -92.081285536999985, 27.921239820000039 ], [ -92.061601260999964, 27.911996595000062 ], [ -92.041889000999959, 27.902730814000051 ], [ -92.022149283999966, 27.893442640000046 ], [ -92.002382636999982, 27.884132241000032 ], [ -91.982589583999982, 27.874799780000046 ], [ -91.962770654999986, 27.86544542300004 ], [ -91.942926374999956, 27.85606933300005 ], [ -91.923057269999958, 27.846671678000064 ], [ -91.903163867999979, 27.837252622000051 ], [ -91.883246693999979, 27.827812330000029 ], [ -91.863306276999936, 27.818350967000072 ], [ -91.843343138999955, 27.808868699000072 ], [ -91.823357808999958, 27.799365690000059 ], [ -91.803350812999952, 27.789842105000048 ], [ -91.783322676999944, 27.780298109000057 ], [ -91.763273926999943, 27.770733868000036 ], [ -91.743205088999957, 27.761149548000049 ], [ -91.723116688999937, 27.751545312000076 ], [ -91.703009253999937, 27.741921326000067 ], [ -91.682883308999976, 27.732277755000041 ], [ -91.662739379999948, 27.72261476400007 ], [ -91.642577992999975, 27.712932519000049 ], [ -91.622399673999951, 27.70323118400006 ], [ -91.602204947999951, 27.693510924000066 ], [ -91.581994341999973, 27.683771906000061 ], [ -91.56176838, 27.674014293000027 ], [ -91.541527588999941, 27.664238251000029 ], [ -91.521272493999959, 27.654443945000025 ], [ -91.501003620999938, 27.644631540000034 ], [ -91.480721493999965, 27.634801200000027 ], [ -91.46042664099997, 27.624953092000055 ], [ -91.44011958599998, 27.615087381000023 ], [ -91.41980085299997, 27.605204231000073 ], [ -91.399470970999971, 27.59530380800004 ], [ -91.379130460999988, 27.585386276000065 ], [ -91.358779850999952, 27.575451801000042 ], [ -91.338419664999947, 27.565500548000045 ], [ -91.318050428999982, 27.555532682000035 ], [ -91.297672666999972, 27.545548368000027 ], [ -91.277286903999936, 27.53554777100004 ], [ -91.256893665999939, 27.525531057000023 ], [ -91.236493477999943, 27.515498390000062 ], [ -91.216086863999976, 27.505449935000058 ], [ -91.195674347999955, 27.495385859000066 ], [ -91.175256458999968, 27.485306325000067 ], [ -91.154833716999974, 27.475211499000068 ], [ -91.13440664899997, 27.465101546000028 ], [ -91.113975778999986, 27.454976630000033 ], [ -91.093541631999983, 27.444836918000078 ], [ -91.073104732, 27.434682575000068 ], [ -91.052665605999948, 27.424513765000029 ], [ -91.032224774999975, 27.414330653000036 ], [ -91.011782765999953, 27.404133405000039 ], [ -90.991340101999981, 27.393922185000065 ], [ -90.970897308999952, 27.383697159000064 ], [ -90.950454908999973, 27.373458493000044 ], [ -90.930013426999949, 27.363206350000041 ], [ -90.909573388999945, 27.352940897000053 ], [ -90.889135317999944, 27.342662297000061 ], [ -90.868699739999954, 27.33237071700006 ], [ -90.848267173999943, 27.322066322000069 ], [ -90.82783815, 27.311749276000057 ], [ -90.807413188999988, 27.301419745000032 ], [ -90.786992815999952, 27.291077893000079 ], [ -90.766577554999969, 27.280723886000033 ], [ -90.746167927999977, 27.270357890000071 ], [ -90.725764460999983, 27.259980067000072 ], [ -90.705367677999959, 27.249590586000068 ], [ -90.684978101999945, 27.239189610000039 ], [ -90.664596256999971, 27.228777304000062 ], [ -90.644222666999951, 27.218353834000027 ], [ -90.623857855999972, 27.207919364000077 ], [ -90.603502345999971, 27.197474060000047 ], [ -90.583156662999954, 27.187018087000069 ], [ -90.562821327999984, 27.176551610000047 ], [ -90.542496865999965, 27.166074794000053 ], [ -90.522183801999972, 27.155587804000049 ], [ -90.501882657999943, 27.145090805000052 ], [ -90.481593955999983, 27.134583963000068 ], [ -90.461318221999989, 27.124067441000079 ], [ -90.441055977999952, 27.113541407000071 ], [ -90.420807746999969, 27.103006024000024 ], [ -90.400574053999946, 27.092461459000049 ], [ -90.380355421, 27.081907874000024 ], [ -90.36015237099997, 27.071345437000048 ], [ -90.33996542899996, 27.060774313000024 ], [ -90.319795115999966, 27.050194665000049 ], [ -90.299641955999959, 27.039606659000071 ], [ -90.279506473999959, 27.029010461000041 ], [ -90.259389189, 27.018406235000043 ], [ -90.239290626999946, 27.007794148000073 ], [ -90.219211310999981, 26.997174362000067 ], [ -90.199151762999975, 26.986547045000066 ], [ -90.179112505999967, 26.975912361000042 ], [ -90.159094062999941, 26.965270474000079 ], [ -90.139096957999982, 26.954621551000059 ], [ -90.11912171299997, 26.943965757000058 ], [ -90.099168849999955, 26.933303255000055 ], [ -90.079238893999957, 26.922634212000048 ], [ -90.059332364999989, 26.911958793000053 ], [ -90.039449788999946, 26.901277162000042 ], [ -90.019591684999966, 26.890589484000031 ], [ -89.999758578999945, 26.879895927000064 ], [ -89.979950991999942, 26.869196652000028 ], [ -89.960169445999952, 26.858491827000023 ], [ -89.940414464999947, 26.847781617000066 ], [ -89.920686570999976, 26.837066186000072 ], [ -89.900986286999967, 26.826345698000068 ], [ -89.881314134999968, 26.81562032100004 ], [ -89.861670637999964, 26.804890218000025 ], [ -89.842056317999948, 26.794155555000032 ], [ -89.822471697999958, 26.783416497000076 ], [ -89.802917298999944, 26.772673209000061 ], [ -89.783393645, 26.761925855000072 ], [ -89.763901257999976, 26.751174602000049 ], [ -89.744440659999952, 26.740419615000064 ], [ -89.72501237299997, 26.729661057000044 ], [ -89.705616919999954, 26.71889909500004 ], [ -89.686254822999956, 26.70813389500006 ], [ -89.666926604999958, 26.697365619000038 ], [ -89.647632785999974, 26.686594434000028 ], [ -89.628373890999967, 26.675820506000036 ], [ -89.609150439999951, 26.665043998000044 ], [ -89.589962956999955, 26.654265076000058 ], [ -89.570811963999972, 26.643483905000039 ], [ -89.551697980999961, 26.63270065100005 ], [ -89.532621531999951, 26.621915479000052 ], [ -89.513583139, 26.611128552000025 ], [ -89.494583321999983, 26.60034003800007 ], [ -89.475622605999945, 26.589550100000054 ], [ -89.456701511999938, 26.578758905000029 ], [ -89.437820560999967, 26.567966616000035 ], [ -89.418980275999957, 26.557173400000067 ], [ -89.400181178999958, 26.546379420000051 ], [ -89.381423791999964, 26.535584842000048 ], [ -89.362708635999979, 26.524789832000067 ], [ -89.34403623299994, 26.513994555000068 ], [ -89.325407105999943, 26.503199175000077 ], [ -89.306821775999936, 26.492403858000046 ], [ -89.288280765999957, 26.481608770000037 ], [ -89.269784597999944, 26.470814073000042 ], [ -89.251333790999979, 26.460019935000048 ], [ -89.232928869999967, 26.449226520000025 ], [ -89.214570354999978, 26.438433993000046 ], [ -89.19625876799995, 26.427642519000074 ], [ -89.177994631999979, 26.416852264000056 ], [ -89.159778468999946, 26.406063393000068 ], [ -89.141610797999988, 26.395276070000023 ], [ -89.123492142999964, 26.384490461000041 ], [ -89.105423025999983, 26.373706731000027 ], [ -89.087403966999943, 26.362925045000054 ], [ -89.069435488999943, 26.352145568000026 ], [ -89.051518113999975, 26.341368465000073 ], [ -89.033652362999987, 26.330593902000032 ], [ -89.015838757999973, 26.319822042000055 ], [ -88.998077819999935, 26.30905305400006 ], [ -88.980370070999982, 26.298287099000049 ], [ -88.962716032999936, 26.28752434300003 ], [ -88.94511622899995, 26.276764953000054 ], [ -88.927571177999937, 26.266009092000047 ], [ -88.910081402999936, 26.255256927000062 ], [ -88.89264742599994, 26.244508622000069 ], [ -88.875269766999963, 26.233764342000029 ], [ -88.85794894999998, 26.223024252000073 ], [ -88.840685494999946, 26.212288518000037 ], [ -88.823479923999969, 26.201557305000051 ], [ -88.806332758999986, 26.190830777000031 ], [ -88.789244520999944, 26.180109100000038 ], [ -88.77221573199995, 26.169392439000035 ], [ -88.755246912999951, 26.158680959000037 ], [ -88.738338586999987, 26.147974825000063 ], [ -88.721491274999948, 26.137274202000071 ], [ -88.704705495999974, 26.12657925600007 ], [ -88.687981775999958, 26.115890151000031 ], [ -88.671320633999983, 26.105207052000026 ], [ -88.654722591999985, 26.094530126000052 ], [ -88.638188170999967, 26.083859536000034 ], [ -88.621717892999982, 26.073195447000046 ], [ -88.605312280999954, 26.062538026000027 ], [ -88.588971854999954, 26.051887437000062 ], [ -88.572697136999977, 26.041243844000064 ], [ -88.55648864799997, 26.030607415000077 ], [ -88.540346911999961, 26.019978313000024 ], [ -88.524272446999987, 26.009356703000037 ], [ -88.508265776999963, 25.998742751000066 ], [ -88.492327422999949, 25.988136621000024 ], [ -88.47645790699994, 25.977538479000032 ], [ -88.460657749999939, 25.966948491000039 ], [ -88.44492747299995, 25.956366820000028 ], [ -88.429267598999957, 25.945793632000061 ], [ -88.413678648999962, 25.935229092000043 ], [ -88.39816114499996, 25.924673366000036 ], [ -88.382715608999945, 25.914126619000058 ], [ -88.36734255999994, 25.903589015000023 ], [ -88.352042523999955, 25.893060719000061 ], [ -88.336816018999968, 25.882541898000056 ], [ -88.321663567999963, 25.872032715000046 ], [ -88.306585692999988, 25.861533337000026 ], [ -88.291582915999982, 25.851043926000045 ], [ -88.276655756999958, 25.840564651000022 ], [ -88.261804737999967, 25.830095675000052 ], [ -88.247030381999934, 25.819637163000039 ], [ -88.232333210999968, 25.809189280000055 ], [ -88.217713744999969, 25.798752193000041 ], [ -88.203172506999977, 25.788326065000035 ], [ -88.188710017999938, 25.777911062000044 ], [ -88.17432679999996, 25.767507349000027 ], [ -88.16002337599997, 25.75711509000007 ], [ -88.145800265, 25.746734452000055 ], [ -88.13165799099994, 25.736365599000067 ], [ -88.117597075999981, 25.726008697000054 ], [ -88.103618039999958, 25.715663910000046 ], [ -88.089721406999956, 25.705331404000049 ], [ -88.075907697, 25.695011343000033 ], [ -88.062177431999942, 25.684703893000062 ], [ -88.048531135999951, 25.67440921900004 ], [ -88.034969328999978, 25.664127486000041 ], [ -88.021492531999968, 25.653858859000024 ], [ -88.008101268999951, 25.643603503000065 ], [ -87.994796061999978, 25.633361584000056 ], [ -87.981577430999948, 25.623133266000025 ], [ -87.968445899999949, 25.612918714000045 ], [ -87.955401989999984, 25.602718094000068 ], [ -87.942446223, 25.592531571000052 ], [ -87.929579119999971, 25.582359310000072 ], [ -87.916801205999946, 25.572201476000032 ], [ -87.904112998999949, 25.562058233000073 ], [ -87.891515025, 25.551929747000031 ], [ -87.883439061, 25.545399341000063 ], [ -87.879007803999968, 25.541816185000073 ], [ -87.866591858999982, 25.531717710000066 ], [ -87.854267711999967, 25.521634487000028 ], [ -87.842035884999973, 25.511566681000033 ], [ -87.829896898999948, 25.501514458000031 ], [ -87.817851277999978, 25.491477983000038 ], [ -87.805899541999963, 25.481457421000073 ], [ -87.794042216999969, 25.471452937000038 ], [ -87.782279821999964, 25.461464696000064 ], [ -87.770612880999977, 25.451492863000055 ], [ -87.759041913999965, 25.441537604000075 ], [ -87.747567445999948, 25.431599083000037 ], [ -87.736189997999986, 25.421677466000062 ], [ -87.724910094999984, 25.411772917000064 ], [ -87.713728254999978, 25.40188560200005 ], [ -87.702645002999986, 25.392015686000036 ], [ -87.691660861999935, 25.38216333400004 ], [ -87.680776352999942, 25.372328710000033 ], [ -87.669991999, 25.362511982000058 ], [ -87.659308322999948, 25.352713312000049 ], [ -87.64872584799997, 25.342932866000069 ], [ -87.638245095999935, 25.333170811000059 ], [ -87.627866587999961, 25.323427309000067 ], [ -87.617590848999953, 25.313702528000078 ], [ -87.597349766999969, 25.294309785000053 ], [ -87.577526031, 25.274993902000062 ], [ -87.55812382299996, 25.255756199000075 ], [ -87.539147324999988, 25.236597999000026 ], [ -87.520600721999983, 25.217520621000062 ], [ -87.502488197, 25.198525386000028 ], [ -87.484813934999977, 25.17961361600004 ], [ -87.467582119999975, 25.160786631000065 ], [ -87.450796937999939, 25.142045752000058 ], [ -87.434462574999941, 25.123392300000035 ], [ -87.418583216999934, 25.104827596000064 ], [ -87.403163052999957, 25.086352961000046 ], [ -87.388206266999987, 25.067969714000071 ], [ -87.373717051999961, 25.049679178000076 ], [ -87.359699593999949, 25.031482674000074 ], [ -87.346158082999978, 25.013381520000053 ], [ -87.333025316999965, 24.995377040000051 ], [ -87.320172930999945, 24.977470555000025 ] ], [ [ 56.703074447000063, 26.373199610000029 ], [ 57.169040728000027, 25.817303740000057 ], [ 57.46075615400008, 25.463927481000042 ], [ 57.460763254000028, 25.463924417000044 ], [ 72.773285085000055, 18.561622897000063 ], [ 75.822644039000068, 9.789093155000046 ], [ 76.920635576000052, 8.071229876000075 ] ], [ [ 45.174134271000071, 12.65693380600004 ], [ 45.25437811300003, 12.624548838000067 ], [ 49.046634313000027, 13.711505306000049 ], [ 56.740093964000039, 17.239055083000039 ], [ 58.273946856000066, 18.826619279000056 ], [ 59.307972328000062, 20.245199678000063 ], [ 60.151799724000057, 21.910181341000055 ], [ 60.209803903000079, 22.341730534000078 ], [ 60.213977679000038, 22.474783349000063 ], [ 57.460763254000028, 25.463924417000044 ], [ 57.46076025800005, 25.463927481000042 ], [ 57.169040728000027, 25.817303740000057 ], [ 56.703079925000054, 26.373185488000047 ] ], [ [ 114.274628516, 22.211241339000026 ], [ 114.294500069000037, 22.221652844000062 ], [ 114.312223878000054, 22.22627370400005 ], [ 114.312227361000055, 22.226272487000074 ], [ 114.332063412000025, 22.219342512000026 ], [ 114.338575938000076, 22.216632771000036 ], [ 114.357068949000109, 22.208937931000037 ], [ 114.357075378000104, 22.208925600000043 ], [ 114.376370214000076, 22.171911159000047 ], [ 114.420338561000108, 22.132151065000073 ], [ 114.446707665000076, 22.108299199000044 ], [ 114.446707628000013, 22.10829480700005 ], [ 114.444403297, 21.851449148000029 ], [ 113.728064441000015, 19.119825009000067 ], [ 113.391201648000106, 16.060860996000031 ], [ 109.629775504000065, 9.832558620000043 ], [ 105.435531536000042, 2.967330987000025 ], [ 105.435188398000037, 2.966789978000065 ], [ 105.105439189000037, 1.771659428000021 ], [ 104.589056233000065, 1.271674623000024 ], [ 104.040096211000048, 1.103842757000052 ] ], [ [ -107.798983105, 19.946504528000048 ], [ -87.652505389999988, 9.143146599000033 ], [ -81.009494874999973, 6.590920560000029 ], [ -79.715648352999949, 7.368489978000071 ], [ -79.71552010299996, 7.368566926000028 ], [ -79.476569258999973, 8.742992706000052 ], [ -79.534427036999944, 8.822802338000031 ] ], [ [ -25.233970555999974, 16.77329878300003 ], [ -23.970875108999962, 14.953729467000073 ], [ -17.608829840999931, 10.054203330000064 ] ], [ [ -17.608797782999943, 10.054203335000068 ], [ -17.098729132999949, 9.685231023000028 ], [ -16.761107710999966, 9.217899279000051 ], [ -16.424141286999941, 8.751739276000023 ], [ -16.088110229999927, 8.283248683000068 ], [ -15.985805144999972, 8.139745879000031 ], [ -15.883421641999973, 7.996172812000054 ], [ -15.780962477999935, 7.852528039000049 ], [ -15.678430398999978, 7.708810115000063 ], [ -15.575828138999952, 7.565017597000065 ], [ -15.473158423999962, 7.421149040000046 ], [ -15.370423965999976, 7.277203001000032 ], [ -15.267627471999958, 7.13317803800004 ], [ -15.164771633999976, 6.989072705000069 ], [ -15.061859132999928, 6.844885558000044 ], [ -14.958892645999981, 6.700615155000037 ], [ -14.855874830999937, 6.556260051000038 ], [ -14.752808340999934, 6.411818802000028 ], [ -14.649695819999977, 6.267289965000032 ], [ -14.546539893999977, 6.12267209700002 ], [ -14.443343186999982, 5.977963752000051 ], [ -14.340108308999959, 5.833163488000025 ], [ -14.236837858999934, 5.688269862000027 ], [ -14.133534424999937, 5.543281427000068 ], [ -14.030200586999968, 5.398196742000039 ], [ -13.926838913999973, 5.253014363000034 ], [ -13.823451961999979, 5.107732845000044 ], [ -13.720552203999944, 4.962350745000037 ], [ -13.619021689999954, 4.816866619000052 ], [ -13.517361630999972, 4.671279024000057 ], [ -13.415574087999971, 4.525586515000043 ], [ -13.313661109999941, 4.379787648000047 ], [ -13.211624723999932, 4.233880981000027 ], [ -13.109466939999947, 4.087865070000021 ], [ -13.007189752999977, 3.941738469000029 ], [ -12.90479513799994, 3.795499737000057 ], [ -12.802285051999945, 3.649147428000049 ], [ -12.699661434999939, 3.502680100000021 ], [ -12.596926210999982, 3.356096309000066 ], [ -12.494081281999968, 3.209394610000061 ], [ -12.391128536999929, 3.062573559000043 ], [ -12.288069843999949, 2.915631715000075 ], [ -12.18490705499994, 2.768567631000053 ], [ -12.081642000999977, 2.621379865000051 ], [ -11.978276497999957, 2.474066974000038 ], [ -11.874812342999974, 2.326627511000027 ], [ -11.771251314999972, 2.179060036000067 ], [ -11.667595174999974, 2.031363103000047 ], [ -11.563845665999963, 1.883535269000049 ], [ -11.460004512999944, 1.735575090000054 ], [ -11.356073420999962, 1.587481122000042 ], [ -11.252054079999937, 1.439251922000039 ], [ -11.147948157999963, 1.290886045000036 ], [ -11.043757306999964, 1.142382048000059 ], [ -10.939483160999941, 0.99373848800002 ], [ -10.835127334999981, 0.844953920000023 ], [ -10.730691423999929, 0.696026900000049 ], [ -10.626177005999978, 0.546955986000057 ], [ -10.521585639999955, 0.397739733000037 ], [ -10.416918866999936, 0.248376698000072 ], [ -10.312178207999978, 0.09886543500005 ], [ -10.207365164999942, -0.050795497999957 ], [ -10.102481223999973, -0.200607543999979 ], [ -9.997527849999926, -0.350572147999969 ], [ -9.89250648899997, -0.500690752999958 ], [ -9.787418568999954, -0.650964802999965 ], [ -9.682265496999946, -0.801395742999944 ], [ -9.577048662999971, -0.951985014999934 ], [ -9.471769435999931, -1.102734064999936 ], [ -9.143664688999934, -1.573536277999949 ], [ -8.814698281999938, -2.043195002999937 ], [ -8.710180567999942, -2.19421601199997 ], [ -8.60538258899993, -2.345348155999943 ], [ -8.500304254999946, -2.496590017999949 ], [ -8.394945483999948, -2.647940181999957 ], [ -8.289306196999974, -2.799397231999933 ], [ -8.183386323999969, -2.95095975199996 ], [ -8.077185800999928, -3.102626323999971 ], [ -7.970704569999953, -3.254395532999979 ], [ -7.863942579999957, -3.406265959999928 ], [ -7.756899788999931, -3.558236190999935 ], [ -7.649576156999956, -3.710304808999979 ], [ -7.54197165599993, -3.862470395999935 ], [ -7.434086260999948, -4.014731537999978 ], [ -7.325919957999929, -4.167086815999937 ], [ -7.21747273699998, -4.31953481599993 ], [ -7.108744595999951, -4.472074118999956 ], [ -6.999735539999961, -4.624703308999926 ], [ -6.890445581999927, -4.77742097099997 ], [ -6.780874740999934, -4.93022568799995 ], [ -6.672235888999978, -5.083116041999972 ], [ -6.564442262999933, -5.236090618999981 ], [ -6.456507768999927, -5.389148 ], [ -6.348433021999938, -5.542286770999965 ], [ -6.24021864599996, -5.695505511999954 ], [ -6.131865268999945, -5.848802809999938 ], [ -6.023373527999979, -6.002177246999963 ], [ -5.914744066999958, -6.15562740699994 ], [ -5.805977535999943, -6.309151872999962 ], [ -5.697074589999943, -6.46274922799995 ], [ -5.588035895999951, -6.616418055999929 ], [ -5.478862121999953, -6.770156940999925 ], [ -5.369553947999975, -6.923964466999962 ], [ -5.260112057999947, -7.077839214999926 ], [ -5.150537145999976, -7.231779770999935 ], [ -5.040829909999957, -7.385784718999957 ], [ -4.930991056999972, -7.539852638999946 ], [ -4.821021303999942, -7.693982116999962 ], [ -4.710921367999958, -7.848171736999973 ], [ -4.600691982999933, -8.002420080999968 ], [ -4.490333881999959, -8.156725732999973 ], [ -4.379847810999934, -8.311087276999956 ], [ -4.269234523999955, -8.465503295999952 ], [ -4.15849477699993, -8.619972372999939 ], [ -4.047629340999947, -8.774493092999933 ], [ -3.936638989999949, -8.929064038999968 ], [ -3.825524506999955, -9.083683793999967 ], [ -3.714286683999944, -9.238350939999975 ], [ -3.602926319999938, -9.39306406299994 ], [ -3.491444220999938, -9.547821746999944 ], [ -3.379841205999981, -9.702622572999928 ], [ -3.268118095999966, -9.857465124999976 ], [ -3.156202677999943, -10.012347987999931 ], [ -3.043293939999955, -10.167269743999952 ], [ -2.930208920999974, -10.322228977999941 ], [ -2.816948279999963, -10.477224271999944 ], [ -2.703512691999947, -10.632254209999928 ], [ -2.589902836999954, -10.787317376999965 ], [ -2.476119405999953, -10.942412352999952 ], [ -2.36216309799994, -11.097537724999938 ], [ -2.248034625999935, -11.25269207499997 ], [ -2.133734706999974, -11.40787398599997 ], [ -2.019264070999952, -11.563082042999952 ], [ -1.904623459999925, -11.718314826999972 ], [ -1.789813619999961, -11.873570924999967 ], [ -1.445848930999944, -12.337446708999948 ], [ -1.099828912999953, -12.802480728999967 ], [ -0.406458493999935, -13.730233947999977 ], [ -0.293850088999932, -13.878799411999978 ], [ -0.181156616999942, -14.027462226999944 ], [ -0.068369723999979, -14.176219701999969 ], [ 0.044518935000042, -14.325069146999965 ], [ 0.157517688000041, -14.474007866999955 ], [ 0.270634851000068, -14.623033172999953 ], [ 0.383878727000024, -14.772142370999973 ], [ 0.497257604000026, -14.921332770999982 ], [ 0.610997629000053, -15.070601680999971 ], [ 0.725152847000061, -15.219946408999931 ], [ 0.839496234000023, -15.369364261999976 ], [ 0.954036142000064, -15.518852549999963 ], [ 1.068780909000054, -15.668408578999959 ], [ 1.183738858000027, -15.818029660999969 ], [ 1.298918297000057, -15.967713099999969 ], [ 1.414327523000054, -16.117456206999975 ], [ 1.52997481500006, -16.267256288999931 ], [ 1.64586844300004, -16.417110654999931 ], [ 1.762016659000039, -16.567016612999964 ], [ 1.878427704000046, -16.716971469999976 ], [ 1.995109804000037, -16.866972535999935 ], [ 2.112071173000061, -17.017017117999956 ], [ 2.229320008000059, -17.167102523999972 ], [ 2.346864496000023, -17.317226063999954 ], [ 2.464712809000048, -17.467385044999958 ], [ 2.582873106000022, -17.617576774999975 ], [ 2.701353532000041, -17.767798562999928 ], [ 2.820162220000043, -17.918047716999979 ], [ 2.939307289000055, -18.068321543999957 ], [ 3.058796844000028, -18.218617352999956 ], [ 3.178638979000027, -18.368932452999957 ], [ 3.298841773000049, -18.519264151999948 ], [ 3.540361589000042, -18.819966578999981 ], [ 3.783420672000034, -19.120703097999979 ], [ 4.274413116000062, -19.722192279999945 ], [ 4.398223289000043, -19.872552236999979 ], [ 4.522112243000038, -20.022901873999956 ], [ 4.644350818000021, -20.173238500999958 ], [ 4.766898469000068, -20.323559423999939 ], [ 4.889762712000049, -20.473861952999982 ], [ 5.012951051000073, -20.624143396999955 ], [ 5.136470993000046, -20.774401060999935 ], [ 5.260330027000066, -20.924632256999928 ], [ 5.384535644000039, -21.074834289999956 ], [ 5.509095327000068, -21.225004470999977 ], [ 5.634016548000034, -21.375140105999947 ], [ 5.759306779000042, -21.525238503999958 ], [ 5.884973481000031, -21.675296973999934 ], [ 6.011024109000061, -21.825312821999944 ], [ 6.137466114000063, -21.975283359999935 ], [ 6.264306938000061, -22.125205892999929 ], [ 6.391554020000058, -22.275077728999975 ], [ 6.519214789000046, -22.424896178999973 ], [ 6.64729666900007, -22.574658548999935 ], [ 6.775807077000024, -22.724362146999965 ], [ 6.90475342700006, -22.874004283999966 ], [ 7.034143120000067, -23.023582264999959 ], [ 7.163983557000051, -23.173093398999981 ], [ 7.294282131000045, -23.322534994999955 ], [ 7.683691685000042, -23.770216197999957 ], [ 8.077950118000047, -24.216738951999957 ], [ 8.20008038800006, -24.355995066999981 ], [ 8.322279996000077, -24.495423518999928 ], [ 8.444551421000028, -24.635020710999981 ], [ 8.56689712900004, -24.774783042999957 ], [ 8.689319571000055, -24.914706915999943 ], [ 8.813991181000063, -25.054788732999953 ], [ 8.942351654000049, -25.195024891999935 ], [ 9.071124387000054, -25.33541179499997 ], [ 9.200313719000064, -25.475945844999956 ], [ 9.329923959000041, -25.616623441999934 ], [ 9.459959377000075, -25.757440985999949 ], [ 9.590424210000037, -25.898394878999966 ], [ 9.721322663000024, -26.039481522999949 ], [ 9.852658905000055, -26.180697317999943 ], [ 9.984437069000023, -26.322038663999933 ], [ 10.116661253000075, -26.463501962999942 ], [ 10.249335522000024, -26.605083616999934 ], [ 10.38246390200004, -26.746780025999954 ], [ 10.516050386000074, -26.888587590999975 ], [ 10.650098928000034, -27.030502714999955 ], [ 10.784613448000073, -27.172521794999966 ], [ 10.919597829000054, -27.314641236999933 ], [ 11.055055916000072, -27.456857437999929 ], [ 11.190991518000033, -27.599166801999957 ], [ 11.327408403000049, -27.741565726999966 ], [ 11.464310308000051, -27.884050616999957 ], [ 11.601700928000071, -28.026617871999974 ], [ 11.73958391900004, -28.169263892999936 ], [ 11.877962898000021, -28.311985080999932 ], [ 12.016841449000026, -28.454777836999938 ], [ 12.156223109000052, -28.597638561999929 ], [ 12.296111383000039, -28.740563656999939 ], [ 12.436509731000058, -28.883549523999932 ], [ 12.577421576000063, -29.026592561999962 ], [ 12.718850300000042, -29.169689174999974 ], [ 12.860799244000077, -29.312835761999963 ], [ 13.003271711000025, -29.456028723999964 ], [ 13.146270960000038, -29.59926446299994 ], [ 13.289800210000067, -29.742539379999982 ], [ 13.433862638000051, -29.885849875999952 ], [ 13.578711565000049, -30.029192350999949 ], [ 13.725122640000052, -30.172563207999929 ], [ 13.872150093000073, -30.315958845999944 ], [ 14.019797250000067, -30.45937566799995 ], [ 14.168067393000058, -30.602810072999944 ], [ 14.316963754000028, -30.746258463999936 ], [ 14.466489519000049, -30.889717240999971 ], [ 14.616647829000044, -31.033182804999967 ], [ 14.76744177300003, -31.176651556999957 ], [ 14.918874395000046, -31.320119899999952 ], [ 15.070948689000033, -31.46358423199996 ], [ 15.223667600000056, -31.607040956999981 ], [ 15.377034025000057, -31.750486473999956 ], [ 15.531050810000067, -31.893917183999974 ], [ 15.685720751000076, -32.037329489999934 ], [ 15.841046596000069, -32.180719790999945 ], [ 15.997031037000056, -32.324084488999972 ], [ 16.153676721000068, -32.467419984999935 ], [ 16.310986238000055, -32.610722679999981 ], [ 16.468962132000058, -32.75398897599996 ], [ 16.62760688700007, -32.897215271999983 ], [ 16.786922940000068, -33.040397969999958 ], [ 16.946912675000021, -33.183533472999954 ], [ 17.10757841700007, -33.326618178999979 ], [ 17.580047298000068, -33.744234152999979 ], [ 18.057841546000077, -34.159527000999958 ], [ 18.540281200000038, -34.573669092999978 ] ], [ [ 95.273873242000036, 6.078438629000061 ], [ 95.273769582000057, 6.078436593000049 ], [ 94.501877656000033, 6.06327673100003 ], [ 80.802407950000031, 5.655043438000064 ] ], [ [ 95.273753354000064, 6.078438610000035 ], [ 95.273769582000057, 6.078436593000049 ], [ 99.008741441000041, 5.613945747000059 ], [ 100.186467570000048, 3.906529976000058 ] ], [ [ 100.18660256000004, 3.906544120000035 ], [ 100.972432835000063, 2.915189587000043 ], [ 103.63570320000008, 1.064561234000053 ], [ 103.820601732000057, 1.035667808000028 ], [ 103.883953338000083, 1.037993861000075 ], [ 103.966591678000043, 1.059981267000069 ], [ 104.04009429000007, 1.103955736000046 ] ], [ [ -34.605455014999961, -4.733711794999977 ], [ -34.674368303999984, -8.070249185999955 ], [ -34.674368455999968, -8.07026893099993 ], [ -38.130349749999937, -18.051596419999953 ], [ -39.57220543699998, -20.470160624999949 ], [ -39.68914913499998, -20.666228253999975 ], [ -40.530960663999963, -22.086202301999947 ], [ -41.824707556999954, -23.147304217999931 ] ], [ [ -38.130320015999985, -18.051582292999967 ], [ -34.674368455999968, -8.07026893099993 ], [ -34.857595622999952, -8.137393716999952 ] ], [ [ -39.68914913499998, -20.666228253999975 ], [ -39.689026313999932, -20.666095348999932 ], [ -39.474781056999973, -20.646724765999977 ], [ -39.573729010999955, -20.472716682999931 ] ], [ [ -41.824710548999974, -23.147290095999949 ], [ -53.833192096999937, -35.162033798999971 ] ], [ [ -56.790571055999976, -35.213469076999957 ], [ -53.833290882999961, -35.162040887999979 ] ] ] } }
]
}
